,stature,weightkg,waistcircumference,buttockcircumference,size,color
0,1560,657,850,1011,large,cornflowerblue
1,1665,534,708,893,small,slategrey
2,1711,663,727,987,medium,lightsteelblue
3,1660,782,923,1012,xl,royalblue
4,1572,886,1163,1281,xxxxl,red
5,1707,837,968,1085,xl,royalblue
6,1644,732,964,1049,xl,royalblue
7,1671,760,914,1095,xl,royalblue
8,1521,545,755,965,medium,lightsteelblue
9,1590,684,944,1045,xl,royalblue
10,1707,990,935,1248,xxl,blue
11,1668,742,942,1014,xl,royalblue
12,1654,781,995,1049,xl,royalblue
13,1666,718,848,1012,large,cornflowerblue
14,1599,709,929,1000,xl,royalblue
15,1673,672,835,1007,large,cornflowerblue
16,1647,620,772,969,medium,lightsteelblue
17,1678,595,805,941,large,cornflowerblue
18,1679,741,868,1011,large,cornflowerblue
19,1615,605,792,1021,medium,lightsteelblue
20,1517,800,1137,1107,xxxxl,red
21,1674,747,881,1050,xl,royalblue
22,1623,491,702,867,small,slategrey
23,1668,703,954,1038,xl,royalblue
24,1644,715,796,981,medium,lightsteelblue
25,1579,708,1000,1069,xl,royalblue
26,1446,488,742,917,medium,lightsteelblue
27,1620,691,912,997,xl,royalblue
28,1684,730,913,1042,xl,royalblue
29,1619,610,821,960,large,cornflowerblue
30,1592,658,930,1056,xl,royalblue
31,1655,709,901,1035,xl,royalblue
32,1723,728,935,1034,xl,royalblue
33,1677,846,1077,1154,xxl,blue
34,1654,945,1112,1184,xxl,blue
35,1634,627,812,991,large,cornflowerblue
36,1683,578,869,933,large,cornflowerblue
37,1552,524,712,900,small,slategrey
38,1617,732,1057,1052,xxl,blue
39,1588,791,964,1086,xl,royalblue
40,1641,894,1134,1175,xxxxl,red
41,1685,689,869,979,large,cornflowerblue
42,1656,758,942,1021,xl,royalblue
43,1603,731,1019,1041,xxl,blue
44,1608,748,865,1136,xl,royalblue
45,1664,806,975,1046,xl,royalblue
46,1619,714,814,1030,large,cornflowerblue
47,1620,712,947,1053,xl,royalblue
48,1720,657,794,1009,medium,lightsteelblue
49,1582,477,679,880,small,slategrey
50,1720,696,890,1050,xl,royalblue
51,1720,1196,1334,1306,xxxxl,red
52,1701,887,1076,1160,xxl,blue
53,1627,754,1007,1075,xxl,blue
54,1536,678,897,1044,xl,royalblue
55,1546,607,832,1006,large,cornflowerblue
56,1654,572,766,981,medium,lightsteelblue
57,1605,689,878,1028,large,cornflowerblue
58,1630,712,943,1055,xl,royalblue
59,1612,604,825,979,large,cornflowerblue
60,1757,697,812,985,large,cornflowerblue
61,1670,854,1062,1167,xxl,blue
62,1632,617,914,1051,xl,royalblue
63,1635,790,987,1066,xl,royalblue
64,1682,672,868,1007,large,cornflowerblue
65,1661,695,839,1050,large,cornflowerblue
66,1596,669,814,974,large,cornflowerblue
67,1596,574,804,989,large,cornflowerblue
68,1665,815,925,1088,xl,royalblue
69,1617,618,805,993,large,cornflowerblue
70,1555,645,811,1042,large,cornflowerblue
71,1578,557,757,969,medium,lightsteelblue
72,1581,614,839,967,large,cornflowerblue
73,1698,668,821,1051,large,cornflowerblue
74,1554,730,1001,1028,xxl,blue
75,1756,737,860,1045,large,cornflowerblue
76,1566,693,922,1016,xl,royalblue
77,1651,757,1012,1057,xxl,blue
78,1585,740,981,1049,xl,royalblue
79,1657,682,870,1030,large,cornflowerblue
80,1719,867,931,1200,xl,royalblue
81,1822,882,895,1165,xl,royalblue
82,1649,786,925,1141,xl,royalblue
83,1687,622,751,985,medium,lightsteelblue
84,1698,782,1019,1115,xxl,blue
85,1530,608,784,1060,large,cornflowerblue
86,1581,674,917,1023,xl,royalblue
87,1609,686,865,1032,large,cornflowerblue
88,1644,670,847,1015,large,cornflowerblue
89,1548,635,785,1011,medium,lightsteelblue
90,1606,773,1004,1084,xxl,blue
91,1642,555,759,945,medium,lightsteelblue
92,1622,727,955,1104,xl,royalblue
93,1669,593,694,947,small,slategrey
94,1745,998,1068,1205,xxl,blue
95,1495,581,948,999,xl,royalblue
96,1493,642,912,1045,xl,royalblue
97,1641,758,989,1027,xl,royalblue
98,1607,683,887,1051,xl,royalblue
99,1560,471,698,871,small,slategrey
100,1625,665,822,975,large,cornflowerblue
101,1670,685,885,1027,xl,royalblue
102,1616,579,764,947,medium,lightsteelblue
103,1582,647,943,966,xl,royalblue
104,1730,591,809,951,large,cornflowerblue
105,1501,450,739,874,medium,lightsteelblue
106,1515,572,826,960,large,cornflowerblue
107,1576,721,962,1030,xl,royalblue
108,1628,676,849,1029,large,cornflowerblue
109,1586,711,951,1048,xl,royalblue
110,1737,791,889,1083,xl,royalblue
111,1576,536,790,974,medium,lightsteelblue
112,1626,639,811,966,large,cornflowerblue
113,1604,628,831,991,large,cornflowerblue
114,1673,788,958,1069,xl,royalblue
115,1642,598,761,955,medium,lightsteelblue
116,1538,752,1070,1079,xxl,blue
117,1574,686,923,1005,xl,royalblue
118,1637,668,949,1055,xl,royalblue
119,1620,613,858,976,large,cornflowerblue
120,1733,742,859,1041,large,cornflowerblue
121,1526,522,721,876,medium,lightsteelblue
122,1732,767,908,1069,xl,royalblue
123,1624,661,880,1030,large,cornflowerblue
124,1507,505,759,902,medium,lightsteelblue
125,1560,637,919,1033,xl,royalblue
126,1640,666,908,980,xl,royalblue
127,1675,610,731,965,medium,lightsteelblue
128,1526,581,820,975,large,cornflowerblue
129,1623,609,821,932,large,cornflowerblue
130,1584,575,740,1054,large,cornflowerblue
131,1671,797,1024,1100,xxl,blue
132,1552,745,932,1090,xl,royalblue
133,1633,614,827,981,large,cornflowerblue
134,1530,677,896,1061,xl,royalblue
135,1606,508,738,968,medium,lightsteelblue
136,1617,633,832,1033,large,cornflowerblue
137,1645,711,851,1042,large,cornflowerblue
138,1681,727,859,1049,large,cornflowerblue
139,1655,679,906,1050,xl,royalblue
140,1626,833,1028,1136,xxl,blue
141,1635,622,786,990,medium,lightsteelblue
142,1572,616,853,966,large,cornflowerblue
143,1608,573,745,950,medium,lightsteelblue
144,1662,507,737,925,medium,lightsteelblue
145,1582,611,802,998,large,cornflowerblue
146,1701,866,1045,1114,xxl,blue
147,1602,523,763,925,medium,lightsteelblue
148,1549,676,955,1090,xl,royalblue
149,1561,549,719,920,small,slategrey
150,1677,571,746,935,medium,lightsteelblue
151,1594,644,874,1035,large,cornflowerblue
152,1628,649,772,1018,medium,lightsteelblue
153,1549,592,802,972,large,cornflowerblue
154,1559,563,719,974,medium,lightsteelblue
155,1619,580,862,955,large,cornflowerblue
156,1690,810,1044,1088,xxl,blue
157,1698,649,817,1001,large,cornflowerblue
158,1705,654,817,997,large,cornflowerblue
159,1625,570,816,955,large,cornflowerblue
160,1666,805,939,1139,xl,royalblue
161,1559,671,863,1035,large,cornflowerblue
162,1595,673,915,1064,xl,royalblue
163,1634,550,764,932,medium,lightsteelblue
164,1643,708,899,1068,xl,royalblue
165,1667,538,782,933,medium,lightsteelblue
166,1661,771,897,1051,xl,royalblue
167,1560,602,817,1008,large,cornflowerblue
168,1610,719,900,1062,xl,royalblue
169,1610,617,830,1009,large,cornflowerblue
170,1682,761,947,1062,xl,royalblue
171,1604,739,958,1050,xl,royalblue
172,1540,560,767,981,medium,lightsteelblue
173,1638,647,777,948,medium,lightsteelblue
174,1656,724,896,1081,xl,royalblue
175,1597,708,968,992,xl,royalblue
176,1749,953,997,1101,xl,royalblue
177,1661,748,879,1058,large,cornflowerblue
178,1526,700,1000,1030,xl,royalblue
179,1583,655,931,1078,xl,royalblue
180,1533,499,748,916,medium,lightsteelblue
181,1575,553,734,940,medium,lightsteelblue
182,1776,924,1021,1171,xxl,blue
183,1713,716,874,1016,large,cornflowerblue
184,1653,676,803,992,large,cornflowerblue
185,1516,641,935,1017,xl,royalblue
186,1658,666,810,983,large,cornflowerblue
187,1617,663,882,1021,xl,royalblue
188,1687,763,920,1084,xl,royalblue
189,1603,717,1085,1099,xxl,blue
190,1539,643,923,1003,xl,royalblue
191,1603,591,840,973,large,cornflowerblue
192,1620,529,783,920,medium,lightsteelblue
193,1617,694,924,1076,xl,royalblue
194,1600,699,972,1040,xl,royalblue
195,1572,592,774,981,medium,lightsteelblue
196,1632,540,708,926,small,slategrey
197,1690,701,879,1092,large,cornflowerblue
198,1682,681,830,1010,large,cornflowerblue
199,1657,864,980,1150,xl,royalblue
200,1672,672,883,1010,xl,royalblue
201,1621,559,754,933,medium,lightsteelblue
202,1623,566,767,956,medium,lightsteelblue
203,1633,585,868,958,large,cornflowerblue
204,1526,628,938,979,xl,royalblue
205,1570,467,682,836,small,slategrey
206,1616,599,762,978,medium,lightsteelblue
207,1690,642,802,1020,large,cornflowerblue
208,1637,813,1060,1144,xxl,blue
209,1718,719,922,1060,xl,royalblue
210,1588,548,783,974,medium,lightsteelblue
211,1520,485,707,877,small,slategrey
212,1618,658,795,1061,large,cornflowerblue
213,1631,753,862,1059,large,cornflowerblue
214,1642,636,929,974,xl,royalblue
215,1719,752,858,1056,large,cornflowerblue
216,1715,755,784,1067,large,cornflowerblue
217,1653,469,632,832,xs,asd
218,1590,537,809,951,large,cornflowerblue
219,1751,758,912,1071,xl,royalblue
220,1583,679,941,1079,xl,royalblue
221,1627,684,854,1055,large,cornflowerblue
222,1586,677,885,1004,xl,royalblue
223,1675,617,783,957,medium,lightsteelblue
224,1606,717,927,1045,xl,royalblue
225,1680,642,785,991,medium,lightsteelblue
226,1773,740,858,1031,large,cornflowerblue
227,1680,792,958,1015,xl,royalblue
228,1645,581,707,946,small,slategrey
229,1558,727,1004,1037,xxl,blue
230,1665,704,905,1055,xl,royalblue
231,1601,653,989,1002,xl,royalblue
232,1658,725,906,1066,xl,royalblue
233,1623,721,854,1065,large,cornflowerblue
234,1661,561,738,932,medium,lightsteelblue
235,1563,583,784,919,medium,lightsteelblue
236,1630,677,871,989,large,cornflowerblue
237,1528,576,811,965,large,cornflowerblue
238,1653,559,728,923,medium,lightsteelblue
239,1512,468,763,867,medium,lightsteelblue
240,1629,567,793,950,medium,lightsteelblue
241,1675,820,1001,1093,xxl,blue
242,1498,664,922,1054,xl,royalblue
243,1538,626,829,1019,large,cornflowerblue
244,1567,653,850,1057,large,cornflowerblue
245,1590,539,731,917,medium,lightsteelblue
246,1573,750,996,1042,xl,royalblue
247,1595,704,871,1091,large,cornflowerblue
248,1610,675,1036,1008,xxl,blue
249,1565,640,835,1021,large,cornflowerblue
250,1523,470,665,884,small,slategrey
251,1570,502,671,920,small,slategrey
252,1556,597,769,977,medium,lightsteelblue
253,1599,646,850,964,large,cornflowerblue
254,1611,726,936,1051,xl,royalblue
255,1681,631,758,965,medium,lightsteelblue
256,1585,631,888,1014,xl,royalblue
257,1614,660,941,1022,xl,royalblue
258,1674,789,812,1159,xl,royalblue
259,1653,531,704,910,small,slategrey
260,1593,708,1027,1057,xxl,blue
261,1592,625,885,969,xl,royalblue
262,1617,680,872,1021,large,cornflowerblue
263,1589,734,1041,1126,xxl,blue
264,1597,688,859,1023,large,cornflowerblue
265,1698,840,1022,1115,xxl,blue
266,1619,647,790,1013,medium,lightsteelblue
267,1663,561,711,914,small,slategrey
268,1606,735,941,1077,xl,royalblue
269,1609,733,1076,1108,xxl,blue
270,1696,605,797,983,medium,lightsteelblue
271,1723,722,904,1063,xl,royalblue
272,1748,908,979,1135,xl,royalblue
273,1695,760,888,1114,xl,royalblue
274,1648,606,769,969,medium,lightsteelblue
275,1579,573,807,985,large,cornflowerblue
276,1587,602,839,978,large,cornflowerblue
277,1604,669,975,1063,xl,royalblue
278,1603,829,1127,1131,xxxxl,red
279,1712,765,930,1115,xl,royalblue
280,1628,671,907,1006,xl,royalblue
281,1520,589,919,1004,xl,royalblue
282,1640,615,839,1007,large,cornflowerblue
283,1616,529,697,934,small,slategrey
284,1684,847,1088,1158,xxl,blue
285,1649,596,805,971,large,cornflowerblue
286,1677,666,844,1018,large,cornflowerblue
287,1653,676,915,1011,xl,royalblue
288,1638,658,862,1046,large,cornflowerblue
289,1646,596,835,1035,large,cornflowerblue
290,1619,735,1000,1079,xl,royalblue
291,1530,556,789,997,medium,lightsteelblue
292,1603,561,777,975,medium,lightsteelblue
293,1680,560,796,925,medium,lightsteelblue
294,1602,871,1017,1142,xxl,blue
295,1447,736,1074,1152,xxl,blue
296,1627,613,688,921,small,slategrey
297,1594,505,713,921,small,slategrey
298,1688,823,1035,1092,xxl,blue
299,1547,561,827,942,large,cornflowerblue
300,1621,754,950,1082,xl,royalblue
301,1625,593,805,1006,large,cornflowerblue
302,1597,695,896,1020,xl,royalblue
303,1602,820,905,1118,xl,royalblue
304,1614,583,833,943,large,cornflowerblue
305,1743,920,1055,1206,xxl,blue
306,1603,841,1071,1146,xxl,blue
307,1576,842,1111,1176,xxl,blue
308,1619,660,871,1022,large,cornflowerblue
309,1754,896,969,1151,xl,royalblue
310,1709,842,942,1079,xl,royalblue
311,1789,845,964,1117,xl,royalblue
312,1587,596,887,1005,xl,royalblue
313,1687,688,838,1037,large,cornflowerblue
314,1665,690,826,1081,large,cornflowerblue
315,1573,748,950,1087,xl,royalblue
316,1654,699,819,1038,large,cornflowerblue
317,1582,691,920,999,xl,royalblue
318,1575,566,744,977,medium,lightsteelblue
319,1600,699,880,1026,large,cornflowerblue
320,1584,468,740,868,medium,lightsteelblue
321,1535,701,829,1121,xl,royalblue
322,1593,832,1029,1100,xxl,blue
323,1583,789,973,1104,xl,royalblue
324,1608,592,845,955,large,cornflowerblue
325,1663,583,828,961,large,cornflowerblue
326,1609,746,1020,1113,xxl,blue
327,1513,428,675,871,small,slategrey
328,1704,853,1007,1140,xxl,blue
329,1708,664,858,997,large,cornflowerblue
330,1506,577,804,973,large,cornflowerblue
331,1583,565,811,944,large,cornflowerblue
332,1731,714,864,1030,large,cornflowerblue
333,1669,762,871,1036,large,cornflowerblue
334,1640,556,824,933,large,cornflowerblue
335,1613,561,724,909,medium,lightsteelblue
336,1640,641,849,988,large,cornflowerblue
337,1581,766,918,1050,xl,royalblue
338,1664,702,829,987,large,cornflowerblue
339,1562,561,799,966,medium,lightsteelblue
340,1722,812,1017,1101,xxl,blue
341,1564,725,900,1073,xl,royalblue
342,1589,686,917,1039,xl,royalblue
343,1789,924,970,1165,xl,royalblue
344,1608,662,884,944,xl,royalblue
345,1595,562,796,973,medium,lightsteelblue
346,1590,564,785,938,medium,lightsteelblue
347,1575,653,870,985,large,cornflowerblue
348,1539,679,905,1083,xl,royalblue
349,1654,777,958,1100,xl,royalblue
350,1616,632,855,1021,large,cornflowerblue
351,1646,697,869,1010,large,cornflowerblue
352,1548,681,875,1064,large,cornflowerblue
353,1617,570,722,985,medium,lightsteelblue
354,1527,742,1034,1089,xxl,blue
355,1653,589,757,908,medium,lightsteelblue
356,1606,750,995,1035,xl,royalblue
357,1700,744,812,1029,large,cornflowerblue
358,1672,815,954,1119,xl,royalblue
359,1728,765,928,1039,xl,royalblue
360,1677,827,1049,1082,xxl,blue
361,1790,793,958,1064,xl,royalblue
362,1643,735,912,1084,xl,royalblue
363,1584,620,822,989,large,cornflowerblue
364,1583,659,935,1004,xl,royalblue
365,1640,705,957,1037,xl,royalblue
366,1562,493,707,911,small,slategrey
367,1650,643,771,1001,medium,lightsteelblue
368,1656,654,806,1009,large,cornflowerblue
369,1624,655,1002,998,xxl,blue
370,1631,856,1044,1138,xxl,blue
371,1715,632,815,975,large,cornflowerblue
372,1607,648,752,1048,large,cornflowerblue
373,1600,604,831,941,large,cornflowerblue
374,1571,702,880,1099,large,cornflowerblue
375,1603,659,817,1062,large,cornflowerblue
376,1599,771,938,1075,xl,royalblue
377,1602,524,797,964,medium,lightsteelblue
378,1642,685,773,1036,medium,lightsteelblue
379,1715,1017,1103,1237,xxl,blue
380,1634,487,679,883,small,slategrey
381,1657,824,1055,1184,xxl,blue
382,1626,724,856,1000,large,cornflowerblue
383,1536,617,868,967,large,cornflowerblue
384,1698,696,818,1068,large,cornflowerblue
385,1652,753,846,1047,large,cornflowerblue
386,1611,785,1032,1148,xxl,blue
387,1764,812,911,1128,xl,royalblue
388,1586,485,650,912,small,slategrey
389,1592,595,804,991,large,cornflowerblue
390,1782,740,880,1034,large,cornflowerblue
391,1708,799,970,1063,xl,royalblue
392,1650,645,841,986,large,cornflowerblue
393,1612,725,949,1101,xl,royalblue
394,1660,600,766,960,medium,lightsteelblue
395,1629,630,811,994,large,cornflowerblue
396,1630,762,978,1047,xl,royalblue
397,1743,696,738,1024,medium,lightsteelblue
398,1688,818,1001,1067,xxl,blue
399,1580,508,705,888,small,slategrey
400,1610,665,901,985,xl,royalblue
401,1556,400,620,832,xs,asd
402,1585,736,1000,1081,xl,royalblue
403,1685,770,952,1034,xl,royalblue
404,1592,630,823,999,large,cornflowerblue
405,1698,761,919,1076,xl,royalblue
406,1648,690,886,1051,xl,royalblue
407,1575,573,791,950,medium,lightsteelblue
408,1602,617,794,983,medium,lightsteelblue
409,1669,663,822,1025,large,cornflowerblue
410,1637,850,996,1128,xl,royalblue
411,1690,601,798,962,medium,lightsteelblue
412,1664,655,795,1039,medium,lightsteelblue
413,1710,716,940,1050,xl,royalblue
414,1596,611,716,973,medium,lightsteelblue
415,1656,1000,1164,1250,xxxxl,red
416,1586,791,870,1147,xl,royalblue
417,1653,676,886,1041,xl,royalblue
418,1661,740,831,1046,large,cornflowerblue
419,1495,501,749,904,medium,lightsteelblue
420,1633,587,811,970,large,cornflowerblue
421,1652,696,850,1070,large,cornflowerblue
422,1596,599,779,1030,medium,lightsteelblue
423,1715,809,1009,1076,xxl,blue
424,1724,788,939,1080,xl,royalblue
425,1741,797,907,1137,xl,royalblue
426,1707,746,851,1105,large,cornflowerblue
427,1684,740,917,1100,xl,royalblue
428,1586,569,780,936,medium,lightsteelblue
429,1611,829,1046,1114,xxl,blue
430,1658,770,939,1038,xl,royalblue
431,1673,751,909,1108,xl,royalblue
432,1770,889,1076,1171,xxl,blue
433,1574,661,799,1040,large,cornflowerblue
434,1715,842,1009,1151,xxl,blue
435,1525,558,865,986,large,cornflowerblue
436,1650,983,1154,1195,xxxxl,red
437,1537,535,814,955,large,cornflowerblue
438,1568,581,801,973,large,cornflowerblue
439,1569,684,830,1004,large,cornflowerblue
440,1711,725,807,1036,large,cornflowerblue
441,1639,757,1073,1060,xxl,blue
442,1638,733,946,1075,xl,royalblue
443,1756,704,845,1053,large,cornflowerblue
444,1618,590,748,966,medium,lightsteelblue
445,1745,835,1003,1114,xxl,blue
446,1569,635,814,1043,large,cornflowerblue
447,1668,546,782,925,medium,lightsteelblue
448,1619,610,780,990,medium,lightsteelblue
449,1657,820,1016,1103,xxl,blue
450,1628,685,847,1017,large,cornflowerblue
451,1660,574,803,945,large,cornflowerblue
452,1683,616,733,953,medium,lightsteelblue
453,1672,678,866,1017,large,cornflowerblue
454,1623,558,745,937,medium,lightsteelblue
455,1672,588,705,917,small,slategrey
456,1619,591,784,984,medium,lightsteelblue
457,1558,511,712,948,small,slategrey
458,1649,591,742,951,medium,lightsteelblue
459,1730,671,805,1022,large,cornflowerblue
460,1527,522,730,917,medium,lightsteelblue
461,1670,565,761,940,medium,lightsteelblue
462,1583,774,1000,1084,xl,royalblue
463,1643,730,885,1038,xl,royalblue
464,1717,669,800,1020,medium,lightsteelblue
465,1623,718,945,1098,xl,royalblue
466,1630,594,810,964,large,cornflowerblue
467,1710,680,808,995,large,cornflowerblue
468,1730,779,961,1102,xl,royalblue
469,1725,695,772,1044,large,cornflowerblue
470,1680,755,928,1075,xl,royalblue
471,1682,645,889,1011,xl,royalblue
472,1680,843,1050,1045,xxl,blue
473,1829,688,777,997,medium,lightsteelblue
474,1675,643,866,1012,large,cornflowerblue
475,1727,689,842,1006,large,cornflowerblue
476,1615,651,842,956,large,cornflowerblue
477,1497,460,690,850,small,slategrey
478,1613,610,750,1037,medium,lightsteelblue
479,1771,925,950,1137,xl,royalblue
480,1588,666,829,1010,large,cornflowerblue
481,1736,821,995,1075,xl,royalblue
482,1664,591,767,1014,medium,lightsteelblue
483,1584,722,898,1086,xl,royalblue
484,1712,770,940,1097,xl,royalblue
485,1658,617,787,978,medium,lightsteelblue
486,1646,685,812,1056,large,cornflowerblue
487,1723,689,820,1026,large,cornflowerblue
488,1578,587,813,1002,large,cornflowerblue
489,1671,742,845,1059,large,cornflowerblue
490,1580,820,1011,1136,xxl,blue
491,1584,557,758,967,medium,lightsteelblue
492,1670,648,814,928,large,cornflowerblue
493,1585,566,770,946,medium,lightsteelblue
494,1638,584,809,944,large,cornflowerblue
495,1589,599,817,1013,large,cornflowerblue
496,1659,785,938,1060,xl,royalblue
497,1550,654,845,1015,large,cornflowerblue
498,1730,838,995,1068,xl,royalblue
499,1500,644,907,1074,xl,royalblue
500,1615,809,983,1062,xl,royalblue
501,1645,677,801,1042,large,cornflowerblue
502,1727,847,1029,1096,xxl,blue
503,1667,781,1052,1096,xxl,blue
504,1519,552,848,901,large,cornflowerblue
505,1700,832,955,1054,xl,royalblue
506,1628,694,807,1069,large,cornflowerblue
507,1600,786,855,1102,large,cornflowerblue
508,1747,851,969,1082,xl,royalblue
509,1583,678,900,1061,xl,royalblue
510,1662,645,800,990,medium,lightsteelblue
511,1697,618,720,952,small,slategrey
512,1732,843,942,1051,xl,royalblue
513,1647,793,1015,1106,xxl,blue
514,1589,727,1019,1035,xxl,blue
515,1545,645,829,1029,large,cornflowerblue
516,1659,755,937,1053,xl,royalblue
517,1522,555,885,950,xl,royalblue
518,1651,779,816,1085,large,cornflowerblue
519,1767,763,922,1059,xl,royalblue
520,1608,785,965,1116,xl,royalblue
521,1605,717,931,1086,xl,royalblue
522,1734,674,895,1003,xl,royalblue
523,1661,730,829,1105,large,cornflowerblue
524,1589,754,980,1137,xl,royalblue
525,1741,776,800,1076,large,cornflowerblue
526,1670,810,1012,1085,xxl,blue
527,1680,667,801,1030,large,cornflowerblue
528,1736,791,915,1130,xl,royalblue
529,1682,763,937,1058,xl,royalblue
530,1714,650,811,997,large,cornflowerblue
531,1546,513,691,888,small,slategrey
532,1634,591,813,953,large,cornflowerblue
533,1568,658,890,1032,xl,royalblue
534,1536,504,782,915,medium,lightsteelblue
535,1584,685,927,1028,xl,royalblue
536,1646,629,874,981,large,cornflowerblue
537,1664,568,765,935,medium,lightsteelblue
538,1658,661,800,965,medium,lightsteelblue
539,1738,683,734,1003,medium,lightsteelblue
540,1745,791,775,1065,large,cornflowerblue
541,1595,907,1061,1220,xxl,blue
542,1625,783,926,1097,xl,royalblue
543,1623,709,865,1057,large,cornflowerblue
544,1518,509,752,915,medium,lightsteelblue
545,1525,623,877,990,large,cornflowerblue
546,1557,664,900,1053,xl,royalblue
547,1730,921,1054,1113,xxl,blue
548,1601,671,903,1035,xl,royalblue
549,1597,547,728,938,medium,lightsteelblue
550,1743,784,947,1034,xl,royalblue
551,1683,590,754,960,medium,lightsteelblue
552,1752,763,921,1005,xl,royalblue
553,1618,709,851,1075,large,cornflowerblue
554,1620,703,851,1040,large,cornflowerblue
555,1649,581,790,949,medium,lightsteelblue
556,1709,593,764,922,medium,lightsteelblue
557,1587,753,992,1059,xl,royalblue
558,1632,662,816,955,large,cornflowerblue
559,1527,683,965,1027,xl,royalblue
560,1660,758,975,1021,xl,royalblue
561,1632,613,734,980,medium,lightsteelblue
562,1742,730,820,1034,large,cornflowerblue
563,1709,700,848,1031,large,cornflowerblue
564,1619,751,925,1033,xl,royalblue
565,1675,738,927,1009,xl,royalblue
566,1634,642,837,1004,large,cornflowerblue
567,1679,595,802,980,large,cornflowerblue
568,1614,569,846,945,large,cornflowerblue
569,1684,596,778,983,medium,lightsteelblue
570,1597,631,853,968,large,cornflowerblue
571,1610,589,730,957,medium,lightsteelblue
572,1688,746,886,1100,xl,royalblue
573,1725,864,929,1157,xl,royalblue
574,1609,608,900,946,xl,royalblue
575,1585,504,759,906,medium,lightsteelblue
576,1562,549,816,956,large,cornflowerblue
577,1547,530,770,916,medium,lightsteelblue
578,1611,692,895,1036,xl,royalblue
579,1740,713,880,991,large,cornflowerblue
580,1555,705,904,1079,xl,royalblue
581,1650,699,938,1023,xl,royalblue
582,1583,659,906,1030,xl,royalblue
583,1647,632,750,1005,medium,lightsteelblue
584,1532,696,845,1061,large,cornflowerblue
585,1619,593,811,972,large,cornflowerblue
586,1704,695,888,1008,xl,royalblue
587,1689,797,774,1056,large,cornflowerblue
588,1657,619,846,1004,large,cornflowerblue
589,1647,677,861,1005,large,cornflowerblue
590,1670,544,724,879,medium,lightsteelblue
591,1496,646,928,1002,xl,royalblue
592,1717,882,1026,1101,xxl,blue
593,1531,634,915,1043,xl,royalblue
594,1666,765,987,1092,xl,royalblue
595,1574,654,915,1045,xl,royalblue
596,1663,837,888,1105,xl,royalblue
597,1617,652,863,982,large,cornflowerblue
598,1585,624,857,966,large,cornflowerblue
599,1647,994,1037,1217,xxl,blue
600,1643,748,950,1075,xl,royalblue
601,1677,649,877,999,large,cornflowerblue
602,1670,542,665,919,small,slategrey
603,1651,814,885,1165,xl,royalblue
604,1525,563,812,969,large,cornflowerblue
605,1715,967,1096,1197,xxl,blue
606,1602,837,1006,1035,xxl,blue
607,1570,502,685,873,small,slategrey
608,1662,657,944,1001,xl,royalblue
609,1561,707,973,1063,xl,royalblue
610,1543,669,975,1080,xl,royalblue
611,1562,597,853,981,large,cornflowerblue
612,1627,720,885,1072,xl,royalblue
613,1678,750,816,1057,large,cornflowerblue
614,1608,673,982,1076,xl,royalblue
615,1672,784,856,1132,xl,royalblue
616,1661,516,710,898,small,slategrey
617,1574,630,890,1011,xl,royalblue
618,1670,793,990,1062,xl,royalblue
619,1585,564,793,1001,medium,lightsteelblue
620,1574,687,962,1049,xl,royalblue
621,1617,590,727,969,medium,lightsteelblue
622,1592,603,770,994,medium,lightsteelblue
623,1705,699,930,1020,xl,royalblue
624,1620,573,849,947,large,cornflowerblue
625,1579,654,882,1003,xl,royalblue
626,1661,603,749,958,medium,lightsteelblue
627,1595,771,935,1074,xl,royalblue
628,1646,767,903,1038,xl,royalblue
629,1522,667,890,1038,xl,royalblue
630,1760,783,900,1079,xl,royalblue
631,1505,518,752,897,medium,lightsteelblue
632,1708,663,803,994,large,cornflowerblue
633,1659,655,861,963,large,cornflowerblue
634,1613,690,906,992,xl,royalblue
635,1666,680,870,988,large,cornflowerblue
636,1565,609,860,1014,large,cornflowerblue
637,1578,646,785,1037,medium,lightsteelblue
638,1480,540,770,930,medium,lightsteelblue
639,1636,530,756,933,medium,lightsteelblue
640,1608,789,901,1063,xl,royalblue
641,1552,431,658,801,small,slategrey
642,1559,746,873,1089,large,cornflowerblue
643,1595,712,1033,1090,xxl,blue
644,1674,727,863,1052,large,cornflowerblue
645,1661,613,761,974,medium,lightsteelblue
646,1550,574,792,917,medium,lightsteelblue
647,1597,655,832,1013,large,cornflowerblue
648,1543,577,753,946,medium,lightsteelblue
649,1636,585,760,930,medium,lightsteelblue
650,1563,627,913,1012,xl,royalblue
651,1506,535,779,934,medium,lightsteelblue
652,1689,652,803,969,large,cornflowerblue
653,1600,702,878,1047,large,cornflowerblue
654,1827,931,1080,1136,xxl,blue
655,1594,532,742,937,medium,lightsteelblue
656,1768,735,817,1014,large,cornflowerblue
657,1658,557,759,897,medium,lightsteelblue
658,1629,655,865,981,large,cornflowerblue
659,1672,691,855,1027,large,cornflowerblue
660,1783,965,967,1134,xl,royalblue
661,1571,702,992,1011,xl,royalblue
662,1525,523,736,875,medium,lightsteelblue
663,1595,660,876,999,large,cornflowerblue
664,1708,814,947,1082,xl,royalblue
665,1818,952,1000,1145,xl,royalblue
666,1688,658,802,956,large,cornflowerblue
667,1568,503,695,936,small,slategrey
668,1555,547,807,943,large,cornflowerblue
669,1645,688,918,1034,xl,royalblue
670,1631,604,750,958,medium,lightsteelblue
671,1563,669,881,1005,xl,royalblue
672,1566,599,806,1000,large,cornflowerblue
673,1585,616,875,1014,large,cornflowerblue
674,1518,548,798,952,medium,lightsteelblue
675,1590,604,716,938,small,slategrey
676,1462,519,829,920,large,cornflowerblue
677,1599,640,943,1007,xl,royalblue
678,1665,669,834,1058,large,cornflowerblue
679,1712,791,958,1063,xl,royalblue
680,1634,598,796,958,medium,lightsteelblue
681,1628,736,865,1030,large,cornflowerblue
682,1625,825,1052,1077,xxl,blue
683,1718,756,881,1083,xl,royalblue
684,1604,595,767,946,medium,lightsteelblue
685,1748,863,978,1171,xl,royalblue
686,1650,686,936,983,xl,royalblue
687,1679,763,970,1063,xl,royalblue
688,1635,725,904,1052,xl,royalblue
689,1673,639,783,979,medium,lightsteelblue
690,1643,559,772,927,medium,lightsteelblue
691,1691,764,960,1044,xl,royalblue
692,1672,699,871,1001,large,cornflowerblue
693,1638,630,825,1010,large,cornflowerblue
694,1676,606,734,954,medium,lightsteelblue
695,1655,680,852,1017,large,cornflowerblue
696,1675,654,813,1029,large,cornflowerblue
697,1508,538,765,960,medium,lightsteelblue
698,1679,731,955,1058,xl,royalblue
699,1692,766,882,1099,xl,royalblue
700,1631,577,800,935,medium,lightsteelblue
701,1533,598,827,984,large,cornflowerblue
702,1563,686,887,1064,xl,royalblue
703,1655,708,830,1049,large,cornflowerblue
704,1496,488,697,880,small,slategrey
705,1777,766,857,1052,large,cornflowerblue
706,1546,583,788,948,medium,lightsteelblue
707,1685,685,936,1039,xl,royalblue
708,1608,585,768,975,medium,lightsteelblue
709,1632,719,833,1044,large,cornflowerblue
710,1690,649,802,993,large,cornflowerblue
711,1655,583,742,926,medium,lightsteelblue
712,1574,648,850,1027,large,cornflowerblue
713,1659,564,758,923,medium,lightsteelblue
714,1541,478,706,870,small,slategrey
715,1675,591,775,951,medium,lightsteelblue
716,1652,665,912,1038,xl,royalblue
717,1593,649,886,1042,xl,royalblue
718,1565,512,755,905,medium,lightsteelblue
719,1530,496,765,872,medium,lightsteelblue
720,1600,744,897,1026,xl,royalblue
721,1615,680,868,984,large,cornflowerblue
722,1557,506,790,900,medium,lightsteelblue
723,1679,591,785,938,medium,lightsteelblue
724,1662,712,864,1045,large,cornflowerblue
725,1696,844,967,1121,xl,royalblue
726,1657,547,760,939,medium,lightsteelblue
727,1495,487,726,903,medium,lightsteelblue
728,1644,612,842,989,large,cornflowerblue
729,1652,722,865,1035,large,cornflowerblue
730,1566,567,888,959,xl,royalblue
731,1653,688,819,1002,large,cornflowerblue
732,1604,542,739,945,medium,lightsteelblue
733,1594,611,805,980,large,cornflowerblue
734,1627,672,880,1038,large,cornflowerblue
735,1729,749,810,1029,large,cornflowerblue
736,1602,585,803,928,large,cornflowerblue
737,1615,605,787,977,medium,lightsteelblue
738,1645,601,787,986,medium,lightsteelblue
739,1623,621,821,948,large,cornflowerblue
740,1595,609,723,922,medium,lightsteelblue
741,1480,470,628,833,xs,asd
742,1696,786,951,1085,xl,royalblue
743,1680,725,857,1066,large,cornflowerblue
744,1590,516,726,894,medium,lightsteelblue
745,1529,501,700,870,small,slategrey
746,1551,626,860,980,large,cornflowerblue
747,1709,787,832,1072,large,cornflowerblue
748,1589,572,818,927,large,cornflowerblue
749,1616,670,813,1058,large,cornflowerblue
750,1643,535,705,925,small,slategrey
751,1587,638,768,1037,medium,lightsteelblue
752,1691,752,779,1043,large,cornflowerblue
753,1558,519,699,894,small,slategrey
754,1611,602,768,961,medium,lightsteelblue
755,1724,701,898,1011,xl,royalblue
756,1623,782,900,1063,xl,royalblue
757,1686,611,791,903,medium,lightsteelblue
758,1587,631,895,973,xl,royalblue
759,1546,540,710,903,small,slategrey
760,1682,619,827,941,large,cornflowerblue
761,1519,577,812,985,large,cornflowerblue
762,1631,673,808,1002,large,cornflowerblue
763,1525,608,789,1027,medium,lightsteelblue
764,1657,905,1092,1158,xxl,blue
765,1653,682,815,995,large,cornflowerblue
766,1447,683,937,1036,xl,royalblue
767,1615,778,1040,1056,xxl,blue
768,1732,648,854,1009,large,cornflowerblue
769,1733,1082,1076,1265,xxl,blue
770,1760,875,1031,1165,xxl,blue
771,1669,788,930,1078,xl,royalblue
772,1602,844,976,1124,xl,royalblue
773,1611,667,916,998,xl,royalblue
774,1607,749,927,1030,xl,royalblue
775,1582,827,1032,1158,xxl,blue
776,1636,695,925,1057,xl,royalblue
777,1702,697,889,1027,xl,royalblue
778,1591,528,708,887,small,slategrey
779,1724,785,925,1062,xl,royalblue
780,1657,669,833,1030,large,cornflowerblue
781,1591,556,827,929,large,cornflowerblue
782,1630,840,1042,1160,xxl,blue
783,1730,831,961,1061,xl,royalblue
784,1695,735,866,1064,large,cornflowerblue
785,1598,763,911,1110,xl,royalblue
786,1606,637,875,1006,large,cornflowerblue
787,1644,700,906,1016,xl,royalblue
788,1575,626,835,1037,large,cornflowerblue
789,1642,607,787,960,medium,lightsteelblue
790,1615,705,943,1031,xl,royalblue
791,1570,689,913,1110,xl,royalblue
792,1607,633,778,974,medium,lightsteelblue
793,1626,564,722,916,medium,lightsteelblue
794,1729,729,843,1009,large,cornflowerblue
795,1501,618,782,970,medium,lightsteelblue
796,1657,618,791,947,medium,lightsteelblue
797,1614,546,761,911,medium,lightsteelblue
798,1660,686,853,1015,large,cornflowerblue
799,1675,641,725,927,medium,lightsteelblue
800,1638,635,779,970,medium,lightsteelblue
801,1584,634,834,1010,large,cornflowerblue
802,1680,684,800,1021,medium,lightsteelblue
803,1667,680,835,965,large,cornflowerblue
804,1758,751,825,1053,large,cornflowerblue
805,1688,851,962,1139,xl,royalblue
806,1636,582,823,965,large,cornflowerblue
807,1607,709,846,1036,large,cornflowerblue
808,1594,664,959,1062,xl,royalblue
809,1694,757,907,1025,xl,royalblue
810,1606,632,807,993,large,cornflowerblue
811,1687,674,853,987,large,cornflowerblue
812,1574,602,753,978,medium,lightsteelblue
813,1603,616,839,965,large,cornflowerblue
814,1559,584,762,922,medium,lightsteelblue
815,1659,717,861,1042,large,cornflowerblue
816,1614,606,845,960,large,cornflowerblue
817,1630,648,818,994,large,cornflowerblue
818,1435,478,760,885,medium,lightsteelblue
819,1672,751,885,1037,xl,royalblue
820,1708,739,872,1020,large,cornflowerblue
821,1676,686,887,991,xl,royalblue
822,1609,620,788,1018,medium,lightsteelblue
823,1590,740,937,1055,xl,royalblue
824,1629,598,798,946,medium,lightsteelblue
825,1598,645,826,987,large,cornflowerblue
826,1560,563,761,939,medium,lightsteelblue
827,1688,686,822,959,large,cornflowerblue
828,1745,696,803,970,large,cornflowerblue
829,1673,631,791,955,medium,lightsteelblue
830,1662,729,846,1035,large,cornflowerblue
831,1576,548,762,889,medium,lightsteelblue
832,1720,650,860,954,large,cornflowerblue
833,1701,700,867,1033,large,cornflowerblue
834,1620,580,793,930,medium,lightsteelblue
835,1670,738,928,1044,xl,royalblue
836,1630,478,672,853,small,slategrey
837,1636,583,785,958,medium,lightsteelblue
838,1714,849,916,1177,xl,royalblue
839,1702,732,854,1027,large,cornflowerblue
840,1590,609,778,981,medium,lightsteelblue
841,1643,654,771,1031,medium,lightsteelblue
842,1769,832,897,1101,xl,royalblue
843,1549,591,822,970,large,cornflowerblue
844,1533,695,935,985,xl,royalblue
845,1592,609,828,964,large,cornflowerblue
846,1609,650,841,975,large,cornflowerblue
847,1569,550,754,933,medium,lightsteelblue
848,1586,659,865,1017,large,cornflowerblue
849,1574,701,827,1059,large,cornflowerblue
850,1617,689,887,1012,xl,royalblue
851,1589,607,836,972,large,cornflowerblue
852,1679,736,917,1040,xl,royalblue
853,1700,564,739,915,medium,lightsteelblue
854,1623,566,779,931,medium,lightsteelblue
855,1677,681,775,981,medium,lightsteelblue
856,1598,660,860,1018,large,cornflowerblue
857,1625,536,700,898,small,slategrey
858,1685,647,812,963,large,cornflowerblue
859,1685,776,908,1059,xl,royalblue
860,1623,563,733,898,medium,lightsteelblue
861,1674,675,904,994,xl,royalblue
862,1653,604,814,959,large,cornflowerblue
863,1587,542,872,965,large,cornflowerblue
864,1595,664,980,1071,xl,royalblue
865,1563,744,1046,1096,xxl,blue
866,1674,621,841,980,large,cornflowerblue
867,1439,585,824,977,large,cornflowerblue
868,1718,810,955,1074,xl,royalblue
869,1589,511,717,930,small,slategrey
870,1645,717,964,1030,xl,royalblue
871,1677,607,758,1005,medium,lightsteelblue
872,1552,591,829,1030,large,cornflowerblue
873,1523,636,999,1005,xl,royalblue
874,1612,715,941,1088,xl,royalblue
875,1642,574,776,946,medium,lightsteelblue
876,1732,716,822,1003,large,cornflowerblue
877,1600,540,752,931,medium,lightsteelblue
878,1409,426,716,815,small,slategrey
879,1620,585,759,926,medium,lightsteelblue
880,1746,828,898,1112,xl,royalblue
881,1688,740,852,1055,large,cornflowerblue
882,1606,765,920,1054,xl,royalblue
883,1658,852,1047,1130,xxl,blue
884,1590,671,904,1066,xl,royalblue
885,1781,760,875,1060,large,cornflowerblue
886,1690,695,850,1062,large,cornflowerblue
887,1654,754,987,1079,xl,royalblue
888,1583,663,870,1079,large,cornflowerblue
889,1523,480,743,912,medium,lightsteelblue
890,1685,830,910,1100,xl,royalblue
891,1672,756,964,1095,xl,royalblue
892,1641,784,934,1046,xl,royalblue
893,1644,594,780,985,medium,lightsteelblue
894,1597,766,951,1104,xl,royalblue
895,1732,678,795,969,medium,lightsteelblue
896,1529,517,815,907,large,cornflowerblue
897,1620,662,848,1015,large,cornflowerblue
898,1643,665,797,966,medium,lightsteelblue
899,1556,613,927,961,xl,royalblue
900,1630,729,986,1086,xl,royalblue
901,1614,701,884,1103,xl,royalblue
902,1464,426,673,872,small,slategrey
903,1749,729,810,1039,large,cornflowerblue
904,1618,761,933,1076,xl,royalblue
905,1631,719,995,1077,xl,royalblue
906,1704,794,966,1100,xl,royalblue
907,1669,705,874,1036,large,cornflowerblue
908,1586,727,1013,1044,xxl,blue
909,1602,609,735,998,medium,lightsteelblue
910,1620,800,1072,1130,xxl,blue
911,1575,625,834,1046,large,cornflowerblue
912,1513,768,1065,1167,xxl,blue
913,1573,578,818,973,large,cornflowerblue
914,1649,639,828,990,large,cornflowerblue
915,1657,749,945,1040,xl,royalblue
916,1538,650,900,1002,xl,royalblue
917,1684,633,831,1033,large,cornflowerblue
918,1550,526,822,932,large,cornflowerblue
919,1630,766,1021,1117,xxl,blue
920,1693,934,1157,1148,xxxxl,red
921,1557,667,861,1042,large,cornflowerblue
922,1627,622,765,971,medium,lightsteelblue
923,1666,942,1085,1078,xxl,blue
924,1599,641,880,995,large,cornflowerblue
925,1547,692,1012,1074,xxl,blue
926,1636,646,831,1006,large,cornflowerblue
927,1547,525,797,916,medium,lightsteelblue
928,1629,490,762,918,medium,lightsteelblue
929,1560,749,922,1108,xl,royalblue
930,1751,852,1035,1092,xxl,blue
931,1625,772,1012,1083,xxl,blue
932,1573,643,864,986,large,cornflowerblue
933,1599,722,962,1079,xl,royalblue
934,1547,693,914,983,xl,royalblue
935,1735,737,862,1094,large,cornflowerblue
936,1670,725,957,1045,xl,royalblue
937,1678,816,897,1147,xl,royalblue
938,1604,570,812,964,large,cornflowerblue
939,1631,660,865,998,large,cornflowerblue
940,1684,804,1054,1190,xxl,blue
941,1715,852,973,1163,xl,royalblue
942,1635,662,947,966,xl,royalblue
943,1666,706,902,1041,xl,royalblue
944,1705,577,782,909,medium,lightsteelblue
945,1629,526,755,905,medium,lightsteelblue
946,1718,808,990,1098,xl,royalblue
947,1626,834,972,1126,xl,royalblue
948,1616,750,922,1069,xl,royalblue
949,1602,619,895,1031,xl,royalblue
950,1667,675,885,1034,xl,royalblue
951,1645,702,910,1023,xl,royalblue
952,1670,659,827,1000,large,cornflowerblue
953,1621,712,840,1085,large,cornflowerblue
954,1721,1028,1032,1196,xxl,blue
955,1606,759,903,1061,xl,royalblue
956,1567,659,875,1005,large,cornflowerblue
957,1720,644,790,979,medium,lightsteelblue
958,1639,689,875,1063,large,cornflowerblue
959,1730,863,983,1110,xl,royalblue
960,1682,949,1139,1168,xxxxl,red
961,1720,630,792,995,medium,lightsteelblue
962,1783,1069,1133,1181,xxxxl,red
963,1641,639,881,991,xl,royalblue
964,1568,683,907,1101,xl,royalblue
965,1640,630,850,994,large,cornflowerblue
966,1556,718,945,1054,xl,royalblue
967,1647,874,1069,1160,xxl,blue
968,1630,752,920,1111,xl,royalblue
969,1587,852,1095,1157,xxl,blue
970,1627,827,1039,1098,xxl,blue
971,1638,559,765,936,medium,lightsteelblue
972,1644,821,1042,1078,xxl,blue
973,1603,663,880,990,large,cornflowerblue
974,1713,638,811,978,large,cornflowerblue
975,1721,799,987,1114,xl,royalblue
976,1573,589,793,999,medium,lightsteelblue
977,1619,761,918,1102,xl,royalblue
978,1524,672,1040,1060,xxl,blue
979,1605,541,803,901,large,cornflowerblue
980,1617,697,838,983,large,cornflowerblue
981,1601,616,878,988,large,cornflowerblue
982,1703,852,1040,1148,xxl,blue
983,1574,582,785,957,medium,lightsteelblue
984,1596,742,943,1027,xl,royalblue
985,1602,609,800,966,medium,lightsteelblue
986,1599,690,916,1026,xl,royalblue
987,1632,675,961,1013,xl,royalblue
988,1660,886,1065,1159,xxl,blue
989,1568,652,847,1046,large,cornflowerblue
990,1639,826,1020,1158,xxl,blue
991,1591,556,790,904,medium,lightsteelblue
992,1628,719,887,1080,xl,royalblue
993,1615,822,975,1088,xl,royalblue
994,1680,965,1100,1205,xxl,blue
995,1590,624,896,982,xl,royalblue
996,1563,435,660,854,small,slategrey
997,1641,753,1021,1022,xxl,blue
998,1710,553,790,900,medium,lightsteelblue
999,1566,578,816,989,large,cornflowerblue
1000,1573,713,966,1048,xl,royalblue
1001,1669,776,966,1083,xl,royalblue
1002,1607,655,809,985,large,cornflowerblue
1003,1633,578,787,890,medium,lightsteelblue
1004,1699,843,907,1089,xl,royalblue
1005,1638,670,877,1002,large,cornflowerblue
1006,1634,764,878,1102,large,cornflowerblue
1007,1660,663,734,982,medium,lightsteelblue
1008,1604,671,861,1010,large,cornflowerblue
1009,1693,706,885,961,xl,royalblue
1010,1595,636,820,985,large,cornflowerblue
1011,1694,646,796,962,medium,lightsteelblue
1012,1626,658,835,975,large,cornflowerblue
1013,1613,789,922,1092,xl,royalblue
1014,1614,585,769,963,medium,lightsteelblue
1015,1630,589,812,959,large,cornflowerblue
1016,1716,785,973,1063,xl,royalblue
1017,1510,676,952,1021,xl,royalblue
1018,1639,862,1113,1110,xxl,blue
1019,1576,605,907,952,xl,royalblue
1020,1677,950,1068,1156,xxl,blue
1021,1669,649,843,955,large,cornflowerblue
1022,1592,616,755,999,medium,lightsteelblue
1023,1606,715,910,1025,xl,royalblue
1024,1597,765,943,1102,xl,royalblue
1025,1610,652,819,1045,large,cornflowerblue
1026,1811,773,905,1104,xl,royalblue
1027,1639,734,1018,1087,xxl,blue
1028,1635,549,757,928,medium,lightsteelblue
1029,1751,802,893,1092,xl,royalblue
1030,1626,695,849,1041,large,cornflowerblue
1031,1688,647,768,990,medium,lightsteelblue
1032,1588,657,850,1051,large,cornflowerblue
1033,1635,871,1090,1139,xxl,blue
1034,1624,580,835,976,large,cornflowerblue
1035,1634,796,946,1107,xl,royalblue
1036,1749,761,852,1066,large,cornflowerblue
1037,1646,576,741,939,medium,lightsteelblue
1038,1600,870,1060,1138,xxl,blue
1039,1600,766,1017,1060,xxl,blue
1040,1517,548,782,1002,medium,lightsteelblue
1041,1659,826,1030,1115,xxl,blue
1042,1718,651,853,1007,large,cornflowerblue
1043,1533,570,881,965,xl,royalblue
1044,1592,719,948,1043,xl,royalblue
1045,1636,726,846,1044,large,cornflowerblue
1046,1648,716,875,1026,large,cornflowerblue
1047,1669,832,982,1091,xl,royalblue
1048,1655,604,791,954,medium,lightsteelblue
1049,1770,764,844,1023,large,cornflowerblue
1050,1752,934,1028,1181,xxl,blue
1051,1741,573,768,961,medium,lightsteelblue
1052,1608,582,775,993,medium,lightsteelblue
1053,1636,553,718,890,small,slategrey
1054,1555,698,871,1021,large,cornflowerblue
1055,1573,640,840,1063,large,cornflowerblue
1056,1623,590,719,951,small,slategrey
1057,1534,604,811,976,large,cornflowerblue
1058,1543,666,920,1070,xl,royalblue
1059,1744,670,812,998,large,cornflowerblue
1060,1623,633,814,1033,large,cornflowerblue
1061,1587,618,818,1008,large,cornflowerblue
1062,1563,645,844,1036,large,cornflowerblue
1063,1655,582,787,930,medium,lightsteelblue
1064,1612,796,948,1182,xl,royalblue
1065,1636,609,834,995,large,cornflowerblue
1066,1709,823,972,1127,xl,royalblue
1067,1547,567,763,925,medium,lightsteelblue
1068,1657,510,710,894,small,slategrey
1069,1695,601,805,945,large,cornflowerblue
1070,1720,716,843,1046,large,cornflowerblue
1071,1587,681,866,1040,large,cornflowerblue
1072,1676,940,981,1142,xl,royalblue
1073,1726,686,840,1033,large,cornflowerblue
1074,1616,671,866,1042,large,cornflowerblue
1075,1747,689,745,984,medium,lightsteelblue
1076,1705,786,930,1016,xl,royalblue
1077,1685,704,824,1015,large,cornflowerblue
1078,1594,504,669,887,small,slategrey
1079,1687,598,769,944,medium,lightsteelblue
1080,1700,760,877,1022,large,cornflowerblue
1081,1658,780,970,1072,xl,royalblue
1082,1562,712,880,1101,large,cornflowerblue
1083,1658,665,870,997,large,cornflowerblue
1084,1688,735,900,1080,xl,royalblue
1085,1524,544,752,937,medium,lightsteelblue
1086,1611,678,805,1008,large,cornflowerblue
1087,1627,648,842,994,large,cornflowerblue
1088,1614,663,917,1001,xl,royalblue
1089,1598,779,853,1142,xl,royalblue
1090,1643,702,953,1019,xl,royalblue
1091,1611,592,816,962,large,cornflowerblue
1092,1520,563,778,985,medium,lightsteelblue
1093,1697,927,963,1143,xl,royalblue
1094,1640,801,931,1068,xl,royalblue
1095,1672,772,889,1104,xl,royalblue
1096,1662,704,805,1008,large,cornflowerblue
1097,1601,590,776,967,medium,lightsteelblue
1098,1580,640,795,1007,medium,lightsteelblue
1099,1676,842,936,1112,xl,royalblue
1100,1536,546,702,957,small,slategrey
1101,1561,715,918,1156,xl,royalblue
1102,1475,575,828,1012,large,cornflowerblue
1103,1532,522,698,907,small,slategrey
1104,1646,725,839,1072,large,cornflowerblue
1105,1657,517,774,913,medium,lightsteelblue
1106,1648,631,828,994,large,cornflowerblue
1107,1586,537,722,912,medium,lightsteelblue
1108,1609,597,805,963,large,cornflowerblue
1109,1562,607,821,957,large,cornflowerblue
1110,1507,577,797,972,medium,lightsteelblue
1111,1468,499,764,911,medium,lightsteelblue
1112,1636,687,847,1011,large,cornflowerblue
1113,1585,680,863,995,large,cornflowerblue
1114,1607,632,868,1007,large,cornflowerblue
1115,1657,776,907,1051,xl,royalblue
1116,1606,638,883,1046,xl,royalblue
1117,1705,783,946,1098,xl,royalblue
1118,1605,602,735,982,medium,lightsteelblue
1119,1666,771,952,1102,xl,royalblue
1120,1635,617,833,954,large,cornflowerblue
1121,1498,462,737,864,medium,lightsteelblue
1122,1619,591,715,1003,medium,lightsteelblue
1123,1559,574,808,959,large,cornflowerblue
1124,1639,621,758,949,medium,lightsteelblue
1125,1574,618,883,977,xl,royalblue
1126,1530,518,789,920,medium,lightsteelblue
1127,1552,631,812,1022,large,cornflowerblue
1128,1572,653,838,1008,large,cornflowerblue
1129,1670,646,770,964,medium,lightsteelblue
1130,1574,569,707,928,small,slategrey
1131,1636,661,798,1008,medium,lightsteelblue
1132,1575,598,856,994,large,cornflowerblue
1133,1676,533,716,944,small,slategrey
1134,1705,755,940,1011,xl,royalblue
1135,1603,702,907,1034,xl,royalblue
1136,1593,655,832,1032,large,cornflowerblue
1137,1611,644,836,965,large,cornflowerblue
1138,1673,680,840,1026,large,cornflowerblue
1139,1689,715,790,1040,large,cornflowerblue
1140,1529,499,733,918,medium,lightsteelblue
1141,1602,523,700,899,small,slategrey
1142,1764,740,805,1006,large,cornflowerblue
1143,1648,750,937,1102,xl,royalblue
1144,1587,604,867,976,large,cornflowerblue
1145,1492,430,641,822,small,slategrey
1146,1567,750,951,1063,xl,royalblue
1147,1563,716,845,1103,large,cornflowerblue
1148,1663,723,876,1019,large,cornflowerblue
1149,1617,765,951,1081,xl,royalblue
1150,1683,660,790,969,medium,lightsteelblue
1151,1636,600,752,979,medium,lightsteelblue
1152,1628,695,807,1008,large,cornflowerblue
1153,1536,637,852,984,large,cornflowerblue
1154,1530,602,880,989,large,cornflowerblue
1155,1678,815,913,1105,xl,royalblue
1156,1682,773,885,1054,xl,royalblue
1157,1585,537,742,900,medium,lightsteelblue
1158,1588,672,826,1002,large,cornflowerblue
1159,1718,698,820,993,large,cornflowerblue
1160,1655,809,1010,1176,xxl,blue
1161,1705,722,820,1053,large,cornflowerblue
1162,1608,630,792,965,medium,lightsteelblue
1163,1607,654,766,989,medium,lightsteelblue
1164,1490,484,728,900,medium,lightsteelblue
1165,1563,653,895,987,xl,royalblue
1166,1677,669,811,1064,large,cornflowerblue
1167,1615,668,856,1025,large,cornflowerblue
1168,1570,672,772,1076,large,cornflowerblue
1169,1563,597,826,1034,large,cornflowerblue
1170,1627,658,844,983,large,cornflowerblue
1171,1743,657,756,990,medium,lightsteelblue
1172,1635,681,893,1050,xl,royalblue
1173,1699,894,1059,1193,xxl,blue
1174,1503,643,781,1035,medium,lightsteelblue
1175,1637,857,932,1116,xl,royalblue
1176,1544,560,746,935,medium,lightsteelblue
1177,1493,613,801,962,large,cornflowerblue
1178,1645,662,928,1010,xl,royalblue
1179,1707,719,806,1025,large,cornflowerblue
1180,1611,586,749,967,medium,lightsteelblue
1181,1543,576,767,926,medium,lightsteelblue
1182,1604,560,748,932,medium,lightsteelblue
1183,1588,616,798,990,medium,lightsteelblue
1184,1543,533,722,912,medium,lightsteelblue
1185,1630,678,888,1034,xl,royalblue
1186,1674,776,784,1000,medium,lightsteelblue
1187,1560,658,778,1012,medium,lightsteelblue
1188,1620,666,930,997,xl,royalblue
1189,1613,549,740,957,medium,lightsteelblue
1190,1541,539,818,927,large,cornflowerblue
1191,1595,814,1026,1153,xxl,blue
1192,1600,611,796,950,medium,lightsteelblue
1193,1690,777,865,1078,large,cornflowerblue
1194,1612,725,892,1046,xl,royalblue
1195,1559,664,891,995,xl,royalblue
1196,1678,806,985,1110,xl,royalblue
1197,1608,522,767,949,medium,lightsteelblue
1198,1559,478,698,881,small,slategrey
1199,1683,845,1031,1113,xxl,blue
1200,1586,685,869,1060,large,cornflowerblue
1201,1646,646,853,983,large,cornflowerblue
1202,1656,679,788,1019,medium,lightsteelblue
1203,1515,509,755,901,medium,lightsteelblue
1204,1754,745,868,1018,large,cornflowerblue
1205,1699,670,773,1028,medium,lightsteelblue
1206,1573,573,847,940,large,cornflowerblue
1207,1657,597,799,982,medium,lightsteelblue
1208,1655,665,895,973,xl,royalblue
1209,1502,505,740,896,medium,lightsteelblue
1210,1653,749,927,1074,xl,royalblue
1211,1633,756,905,1046,xl,royalblue
1212,1585,634,837,953,large,cornflowerblue
1213,1632,768,896,1123,xl,royalblue
1214,1616,804,968,1122,xl,royalblue
1215,1670,762,941,1091,xl,royalblue
1216,1632,526,698,919,small,slategrey
1217,1648,653,785,983,medium,lightsteelblue
1218,1576,726,928,1030,xl,royalblue
1219,1606,557,783,915,medium,lightsteelblue
1220,1652,599,772,981,medium,lightsteelblue
1221,1625,759,970,1071,xl,royalblue
1222,1598,607,880,960,large,cornflowerblue
1223,1618,669,946,1064,xl,royalblue
1224,1674,697,915,1014,xl,royalblue
1225,1563,614,855,1025,large,cornflowerblue
1226,1728,742,881,1098,xl,royalblue
1227,1590,671,855,1055,large,cornflowerblue
1228,1636,577,825,974,large,cornflowerblue
1229,1655,803,939,1061,xl,royalblue
1230,1707,634,837,1003,large,cornflowerblue
1231,1676,681,822,1062,large,cornflowerblue
1232,1633,734,895,1083,xl,royalblue
1233,1607,672,803,1032,large,cornflowerblue
1234,1618,662,911,1036,xl,royalblue
1235,1708,703,822,1086,large,cornflowerblue
1236,1735,709,790,1022,medium,lightsteelblue
1237,1715,586,700,915,small,slategrey
1238,1570,493,727,898,medium,lightsteelblue
1239,1642,733,849,1045,large,cornflowerblue
1240,1788,996,1174,1170,xxxxl,red
1241,1600,648,837,1035,large,cornflowerblue
1242,1675,729,835,1033,large,cornflowerblue
1243,1634,902,1114,1165,xxl,blue
1244,1576,754,960,1078,xl,royalblue
1245,1599,654,814,988,large,cornflowerblue
1246,1598,708,824,1054,large,cornflowerblue
1247,1548,647,889,1016,xl,royalblue
1248,1607,631,790,993,medium,lightsteelblue
1249,1686,666,775,1027,medium,lightsteelblue
1250,1640,667,827,1003,large,cornflowerblue
1251,1563,497,707,903,small,slategrey
1252,1591,558,788,953,medium,lightsteelblue
1253,1678,921,982,1160,xl,royalblue
1254,1670,695,804,1044,large,cornflowerblue
1255,1529,563,847,914,large,cornflowerblue
1256,1616,603,757,970,medium,lightsteelblue
1257,1620,647,860,1022,large,cornflowerblue
1258,1510,642,827,1041,large,cornflowerblue
1259,1626,701,852,1069,large,cornflowerblue
1260,1600,583,815,985,large,cornflowerblue
1261,1679,843,966,1108,xl,royalblue
1262,1600,696,928,1068,xl,royalblue
1263,1618,735,906,1062,xl,royalblue
1264,1629,470,729,859,medium,lightsteelblue
1265,1651,608,775,973,medium,lightsteelblue
1266,1596,515,742,933,medium,lightsteelblue
1267,1654,717,882,1070,xl,royalblue
1268,1776,889,995,1167,xl,royalblue
1269,1546,532,705,956,small,slategrey
1270,1676,747,876,999,large,cornflowerblue
1271,1585,622,775,1018,medium,lightsteelblue
1272,1594,574,733,924,medium,lightsteelblue
1273,1629,565,781,950,medium,lightsteelblue
1274,1581,646,840,1017,large,cornflowerblue
1275,1614,529,751,902,medium,lightsteelblue
1276,1559,648,834,1012,large,cornflowerblue
1277,1697,751,878,1054,large,cornflowerblue
1278,1674,740,879,1031,large,cornflowerblue
1279,1692,758,974,1039,xl,royalblue
1280,1615,554,760,903,medium,lightsteelblue
1281,1762,852,964,1075,xl,royalblue
1282,1573,814,1025,1155,xxl,blue
1283,1674,824,966,1102,xl,royalblue
1284,1531,503,761,930,medium,lightsteelblue
1285,1505,607,905,998,xl,royalblue
1286,1700,692,851,1007,large,cornflowerblue
1287,1539,640,903,981,xl,royalblue
1288,1620,650,820,989,large,cornflowerblue
1289,1712,580,719,935,small,slategrey
1290,1554,601,810,1010,large,cornflowerblue
1291,1598,601,728,985,medium,lightsteelblue
1292,1612,664,845,1002,large,cornflowerblue
1293,1707,703,806,1053,large,cornflowerblue
1294,1611,616,764,980,medium,lightsteelblue
1295,1599,654,854,975,large,cornflowerblue
1296,1569,589,747,964,medium,lightsteelblue
1297,1663,524,656,902,small,slategrey
1298,1666,706,886,1016,xl,royalblue
1299,1659,676,801,998,large,cornflowerblue
1300,1543,623,895,966,xl,royalblue
1301,1571,628,916,998,xl,royalblue
1302,1618,503,681,908,small,slategrey
1303,1610,599,790,996,medium,lightsteelblue
1304,1512,508,680,922,small,slategrey
1305,1555,520,725,884,medium,lightsteelblue
1306,1729,831,942,1055,xl,royalblue
1307,1593,622,838,950,large,cornflowerblue
1308,1609,706,883,1027,xl,royalblue
1309,1648,667,907,1032,xl,royalblue
1310,1631,730,878,1045,large,cornflowerblue
1311,1712,842,980,1129,xl,royalblue
1312,1541,549,794,955,medium,lightsteelblue
1313,1663,609,754,981,medium,lightsteelblue
1314,1614,670,844,986,large,cornflowerblue
1315,1598,711,860,1013,large,cornflowerblue
1316,1617,655,865,1006,large,cornflowerblue
1317,1658,771,900,1053,xl,royalblue
1318,1642,668,769,1002,medium,lightsteelblue
1319,1698,707,863,1066,large,cornflowerblue
1320,1648,757,936,1027,xl,royalblue
1321,1756,857,866,1116,large,cornflowerblue
1322,1651,678,842,1018,large,cornflowerblue
1323,1634,630,819,998,large,cornflowerblue
1324,1709,745,794,1025,medium,lightsteelblue
1325,1686,564,746,918,medium,lightsteelblue
1326,1645,721,878,1040,large,cornflowerblue
1327,1565,646,835,980,large,cornflowerblue
1328,1537,444,690,853,small,slategrey
1329,1511,591,800,982,medium,lightsteelblue
1330,1649,696,848,1034,large,cornflowerblue
1331,1458,445,694,876,small,slategrey
1332,1759,726,765,997,medium,lightsteelblue
1333,1558,707,885,1090,xl,royalblue
1334,1688,643,797,980,medium,lightsteelblue
1335,1581,654,831,1019,large,cornflowerblue
1336,1583,626,840,975,large,cornflowerblue
1337,1643,736,871,1059,large,cornflowerblue
1338,1752,853,955,1109,xl,royalblue
1339,1600,750,936,1188,xl,royalblue
1340,1618,797,905,1094,xl,royalblue
1341,1710,837,1005,1052,xxl,blue
1342,1585,590,756,952,medium,lightsteelblue
1343,1595,512,719,887,small,slategrey
1344,1614,621,794,987,medium,lightsteelblue
1345,1663,810,967,1074,xl,royalblue
1346,1617,614,846,972,large,cornflowerblue
1347,1596,544,738,952,medium,lightsteelblue
1348,1602,603,790,960,medium,lightsteelblue
1349,1694,792,926,1064,xl,royalblue
1350,1510,618,853,1014,large,cornflowerblue
1351,1534,603,886,954,xl,royalblue
1352,1634,885,970,1102,xl,royalblue
1353,1679,842,1000,1146,xl,royalblue
1354,1618,798,956,1189,xl,royalblue
1355,1658,634,840,975,large,cornflowerblue
1356,1643,561,749,914,medium,lightsteelblue
1357,1652,774,905,1140,xl,royalblue
1358,1615,730,847,1078,large,cornflowerblue
1359,1674,850,933,1133,xl,royalblue
1360,1527,643,883,980,xl,royalblue
1361,1518,505,710,908,small,slategrey
1362,1653,729,825,1116,large,cornflowerblue
1363,1659,835,866,1105,large,cornflowerblue
1364,1570,463,668,918,small,slategrey
1365,1570,802,1121,1015,xxxxl,red
1366,1653,951,1121,1150,xxxxl,red
1367,1712,582,680,945,small,slategrey
1368,1519,703,863,1035,large,cornflowerblue
1369,1702,1019,1127,1232,xxxxl,red
1370,1627,645,801,985,large,cornflowerblue
1371,1516,721,942,1086,xl,royalblue
1372,1583,661,900,974,xl,royalblue
1373,1647,589,775,984,medium,lightsteelblue
1374,1594,528,702,929,small,slategrey
1375,1617,623,783,982,medium,lightsteelblue
1376,1674,896,1032,1056,xxl,blue
1377,1605,833,981,1130,xl,royalblue
1378,1649,916,1090,1100,xxl,blue
1379,1603,677,780,1094,large,cornflowerblue
1380,1620,535,726,957,medium,lightsteelblue
1381,1584,712,908,1004,xl,royalblue
1382,1579,527,725,918,medium,lightsteelblue
1383,1608,721,933,1070,xl,royalblue
1384,1656,589,781,935,medium,lightsteelblue
1385,1639,731,867,1101,large,cornflowerblue
1386,1630,620,771,986,medium,lightsteelblue
1387,1615,695,991,1031,xl,royalblue
1388,1584,620,850,923,large,cornflowerblue
1389,1664,669,814,989,large,cornflowerblue
1390,1545,543,830,901,large,cornflowerblue
1391,1688,648,862,1025,large,cornflowerblue
1392,1673,625,701,973,medium,lightsteelblue
1393,1647,643,807,1079,large,cornflowerblue
1394,1637,736,957,1111,xl,royalblue
1395,1787,824,922,1118,xl,royalblue
1396,1503,701,895,1103,xl,royalblue
1397,1562,699,940,1021,xl,royalblue
1398,1558,754,912,1088,xl,royalblue
1399,1576,647,818,1026,large,cornflowerblue
1400,1628,666,830,1050,large,cornflowerblue
1401,1748,831,944,1117,xl,royalblue
1402,1572,632,840,972,large,cornflowerblue
1403,1743,746,824,1070,large,cornflowerblue
1404,1561,589,904,1000,xl,royalblue
1405,1623,643,825,989,large,cornflowerblue
1406,1649,705,908,1047,xl,royalblue
1407,1661,760,901,1073,xl,royalblue
1408,1668,680,847,1010,large,cornflowerblue
1409,1722,695,842,1074,large,cornflowerblue
1410,1674,868,1077,1113,xxl,blue
1411,1663,653,770,1003,medium,lightsteelblue
1412,1543,804,856,1164,xl,royalblue
1413,1561,673,763,1042,large,cornflowerblue
1414,1587,516,682,885,small,slategrey
1415,1495,526,841,878,large,cornflowerblue
1416,1645,914,1106,1178,xxl,blue
1417,1653,919,1045,1194,xxl,blue
1418,1685,757,993,1053,xl,royalblue
1419,1569,717,1017,1080,xxl,blue
1420,1656,738,851,1032,large,cornflowerblue
1421,1672,769,860,1102,large,cornflowerblue
1422,1622,692,785,1015,medium,lightsteelblue
1423,1664,609,765,951,medium,lightsteelblue
1424,1636,596,737,954,medium,lightsteelblue
1425,1666,740,953,1029,xl,royalblue
1426,1558,804,973,1134,xl,royalblue
1427,1674,934,958,1135,xl,royalblue
1428,1534,568,812,1028,large,cornflowerblue
1429,1630,626,923,1071,xl,royalblue
1430,1671,738,878,1070,large,cornflowerblue
1431,1789,808,816,1102,large,cornflowerblue
1432,1553,624,831,1032,large,cornflowerblue
1433,1673,775,903,1159,xl,royalblue
1434,1598,631,824,1043,large,cornflowerblue
1435,1798,875,972,1070,xl,royalblue
1436,1641,650,800,960,medium,lightsteelblue
1437,1718,650,772,965,medium,lightsteelblue
1438,1568,638,925,990,xl,royalblue
1439,1652,642,840,991,large,cornflowerblue
1440,1676,698,829,1037,large,cornflowerblue
1441,1595,831,968,1107,xl,royalblue
1442,1697,962,1095,1266,xxl,blue
1443,1703,930,1050,1181,xxl,blue
1444,1567,489,696,882,small,slategrey
1445,1554,536,760,926,medium,lightsteelblue
1446,1645,629,736,987,medium,lightsteelblue
1447,1625,510,651,874,small,slategrey
1448,1560,654,837,1035,large,cornflowerblue
1449,1501,588,798,1003,medium,lightsteelblue
1450,1617,650,880,990,large,cornflowerblue
1451,1660,679,790,1010,medium,lightsteelblue
1452,1635,719,1045,1042,xxl,blue
1453,1621,920,1033,1174,xxl,blue
1454,1596,618,757,996,medium,lightsteelblue
1455,1649,712,885,1077,xl,royalblue
1456,1590,643,893,1050,xl,royalblue
1457,1630,793,968,1112,xl,royalblue
1458,1505,575,930,1005,xl,royalblue
1459,1590,686,837,1051,large,cornflowerblue
1460,1613,688,840,1019,large,cornflowerblue
1461,1620,778,900,1064,xl,royalblue
1462,1687,765,955,1097,xl,royalblue
1463,1613,590,796,964,medium,lightsteelblue
1464,1648,626,833,975,large,cornflowerblue
1465,1820,908,891,1147,xl,royalblue
1466,1613,500,656,866,small,slategrey
1467,1719,688,808,1008,large,cornflowerblue
1468,1543,567,803,995,large,cornflowerblue
1469,1674,622,807,979,large,cornflowerblue
1470,1662,707,865,993,large,cornflowerblue
1471,1612,685,876,1024,large,cornflowerblue
1472,1605,571,723,936,medium,lightsteelblue
1473,1560,846,1056,1181,xxl,blue
1474,1664,618,711,1001,medium,lightsteelblue
1475,1662,672,780,977,medium,lightsteelblue
1476,1620,692,778,1055,large,cornflowerblue
1477,1567,469,637,880,small,slategrey
1478,1689,674,790,994,medium,lightsteelblue
1479,1576,529,718,905,small,slategrey
1480,1596,644,840,981,large,cornflowerblue
1481,1684,819,1026,1083,xxl,blue
1482,1702,683,817,1014,large,cornflowerblue
1483,1745,582,689,932,small,slategrey
1484,1599,532,764,949,medium,lightsteelblue
1485,1628,703,858,1038,large,cornflowerblue
1486,1651,807,855,1150,xl,royalblue
1487,1592,569,825,970,large,cornflowerblue
1488,1587,504,787,912,medium,lightsteelblue
1489,1628,743,941,1035,xl,royalblue
1490,1627,648,840,1026,large,cornflowerblue
1491,1617,652,846,960,large,cornflowerblue
1492,1582,548,790,957,medium,lightsteelblue
1493,1537,561,776,936,medium,lightsteelblue
1494,1629,663,823,996,large,cornflowerblue
1495,1640,577,725,971,medium,lightsteelblue
1496,1675,790,908,1150,xl,royalblue
1497,1592,671,908,1019,xl,royalblue
1498,1633,691,942,980,xl,royalblue
1499,1733,773,863,1126,xl,royalblue
1500,1610,622,733,945,medium,lightsteelblue
1501,1566,620,852,964,large,cornflowerblue
1502,1639,691,898,987,xl,royalblue
1503,1580,626,879,1056,large,cornflowerblue
1504,1557,587,751,940,medium,lightsteelblue
1505,1683,694,864,1030,large,cornflowerblue
1506,1597,647,779,1034,medium,lightsteelblue
1507,1598,621,884,999,xl,royalblue
1508,1613,698,940,1077,xl,royalblue
1509,1649,656,769,1013,medium,lightsteelblue
1510,1672,602,757,986,medium,lightsteelblue
1511,1713,743,784,1084,large,cornflowerblue
1512,1641,744,991,1069,xl,royalblue
1513,1612,633,788,989,medium,lightsteelblue
1514,1596,621,807,970,large,cornflowerblue
1515,1442,467,720,901,small,slategrey
1516,1555,639,849,1001,large,cornflowerblue
1517,1497,579,858,1011,large,cornflowerblue
1518,1612,708,889,1058,xl,royalblue
1519,1690,698,757,1033,medium,lightsteelblue
1520,1634,654,828,1054,large,cornflowerblue
1521,1509,542,820,915,large,cornflowerblue
1522,1582,593,739,1047,large,cornflowerblue
1523,1465,497,789,902,medium,lightsteelblue
1524,1545,526,733,894,medium,lightsteelblue
1525,1475,480,740,903,medium,lightsteelblue
1526,1633,557,808,926,large,cornflowerblue
1527,1631,724,967,1090,xl,royalblue
1528,1626,661,909,1033,xl,royalblue
1529,1533,794,962,1115,xl,royalblue
1530,1553,572,834,963,large,cornflowerblue
1531,1752,785,948,1058,xl,royalblue
1532,1618,676,848,1027,large,cornflowerblue
1533,1634,530,721,902,medium,lightsteelblue
1534,1689,777,865,1116,large,cornflowerblue
1535,1534,524,793,973,medium,lightsteelblue
1536,1629,601,731,968,medium,lightsteelblue
1537,1628,559,750,899,medium,lightsteelblue
1538,1603,530,744,928,medium,lightsteelblue
1539,1547,578,780,997,medium,lightsteelblue
1540,1585,644,860,1045,large,cornflowerblue
1541,1638,693,900,1071,xl,royalblue
1542,1754,849,955,1143,xl,royalblue
1543,1623,607,753,954,medium,lightsteelblue
1544,1614,623,825,971,large,cornflowerblue
1545,1676,601,774,945,medium,lightsteelblue
1546,1560,516,679,877,small,slategrey
1547,1637,505,716,930,small,slategrey
1548,1542,532,699,957,small,slategrey
1549,1536,566,814,978,large,cornflowerblue
1550,1613,732,853,1030,large,cornflowerblue
1551,1595,576,783,939,medium,lightsteelblue
1552,1659,807,860,1178,xl,royalblue
1553,1564,622,750,1037,medium,lightsteelblue
1554,1686,726,960,1039,xl,royalblue
1555,1678,711,873,1037,large,cornflowerblue
1556,1573,572,923,937,xl,royalblue
1557,1589,623,791,980,medium,lightsteelblue
1558,1621,602,771,970,medium,lightsteelblue
1559,1679,805,983,1098,xl,royalblue
1560,1598,561,787,942,medium,lightsteelblue
1561,1713,520,657,923,small,slategrey
1562,1550,578,781,955,medium,lightsteelblue
1563,1583,580,740,971,medium,lightsteelblue
1564,1540,612,819,1057,large,cornflowerblue
1565,1541,585,805,963,large,cornflowerblue
1566,1622,875,1010,1181,xxl,blue
1567,1793,773,905,1054,xl,royalblue
1568,1713,755,920,1061,xl,royalblue
1569,1603,678,924,1032,xl,royalblue
1570,1711,888,1003,1117,xxl,blue
1571,1641,665,780,980,medium,lightsteelblue
1572,1494,580,1003,1015,xxl,blue
1573,1672,665,863,985,large,cornflowerblue
1574,1616,649,856,1030,large,cornflowerblue
1575,1585,673,902,1022,xl,royalblue
1576,1612,744,1010,1075,xxl,blue
1577,1663,576,759,982,medium,lightsteelblue
1578,1656,735,893,1093,xl,royalblue
1579,1598,636,844,1039,large,cornflowerblue
1580,1545,432,665,851,small,slategrey
1581,1634,747,930,1083,xl,royalblue
1582,1704,669,807,991,large,cornflowerblue
1583,1664,826,957,1111,xl,royalblue
1584,1522,578,868,1015,large,cornflowerblue
1585,1646,637,782,1013,medium,lightsteelblue
1586,1557,758,966,1060,xl,royalblue
1587,1625,594,778,1024,medium,lightsteelblue
1588,1671,872,980,1120,xl,royalblue
1589,1535,693,850,1083,large,cornflowerblue
1590,1591,500,670,886,small,slategrey
1591,1567,567,745,961,medium,lightsteelblue
1592,1540,589,826,1026,large,cornflowerblue
1593,1573,640,860,972,large,cornflowerblue
1594,1637,683,797,1029,medium,lightsteelblue
1595,1604,566,706,943,small,slategrey
1596,1740,632,730,945,medium,lightsteelblue
1597,1563,591,743,939,medium,lightsteelblue
1598,1773,760,805,1081,large,cornflowerblue
1599,1672,664,912,1002,xl,royalblue
1600,1564,658,853,1044,large,cornflowerblue
1601,1600,710,847,1081,large,cornflowerblue
1602,1586,551,726,947,medium,lightsteelblue
1603,1566,593,795,984,medium,lightsteelblue
1604,1683,661,837,971,large,cornflowerblue
1605,1613,658,816,1057,large,cornflowerblue
1606,1572,634,814,1023,large,cornflowerblue
1607,1584,480,693,871,small,slategrey
1608,1706,660,798,1005,medium,lightsteelblue
1609,1620,601,807,978,large,cornflowerblue
1610,1640,546,778,943,medium,lightsteelblue
1611,1711,1166,1305,1261,xxxxl,red
1612,1641,793,919,1080,xl,royalblue
1613,1567,454,611,853,xs,asd
1614,1629,499,698,867,small,slategrey
1615,1479,358,615,798,xs,asd
1616,1663,700,859,1037,large,cornflowerblue
1617,1749,770,887,1089,xl,royalblue
1618,1592,649,911,998,xl,royalblue
1619,1591,550,733,932,medium,lightsteelblue
1620,1710,875,979,1095,xl,royalblue
1621,1684,768,968,1057,xl,royalblue
1622,1625,763,941,1090,xl,royalblue
1623,1666,650,732,985,medium,lightsteelblue
1624,1576,555,760,933,medium,lightsteelblue
1625,1685,755,905,1082,xl,royalblue
1626,1629,548,715,964,medium,lightsteelblue
1627,1637,705,878,1051,large,cornflowerblue
1628,1597,548,788,942,medium,lightsteelblue
1629,1676,763,903,1063,xl,royalblue
1630,1672,784,870,1036,large,cornflowerblue
1631,1707,698,848,1065,large,cornflowerblue
1632,1649,650,825,1027,large,cornflowerblue
1633,1615,794,955,1181,xl,royalblue
1634,1629,897,1105,1130,xxl,blue
1635,1615,525,785,928,medium,lightsteelblue
1636,1537,772,972,1134,xl,royalblue
1637,1663,657,793,989,medium,lightsteelblue
1638,1582,537,798,942,medium,lightsteelblue
1639,1499,667,955,1067,xl,royalblue
1640,1771,833,920,1112,xl,royalblue
1641,1545,599,855,961,large,cornflowerblue
1642,1603,649,914,994,xl,royalblue
1643,1580,788,938,1105,xl,royalblue
1644,1608,752,960,1016,xl,royalblue
1645,1561,643,900,1000,xl,royalblue
1646,1642,613,780,965,medium,lightsteelblue
1647,1600,847,935,1165,xl,royalblue
1648,1591,687,890,1077,xl,royalblue
1649,1697,697,821,988,large,cornflowerblue
1650,1691,602,793,965,medium,lightsteelblue
1651,1563,631,775,1068,large,cornflowerblue
1652,1598,952,1034,1210,xxl,blue
1653,1631,513,664,914,small,slategrey
1654,1648,694,907,1050,xl,royalblue
1655,1496,509,768,900,medium,lightsteelblue
1656,1522,520,672,915,small,slategrey
1657,1769,889,965,1115,xl,royalblue
1658,1761,785,784,1069,large,cornflowerblue
1659,1618,678,903,1072,xl,royalblue
1660,1612,644,841,1007,large,cornflowerblue
1661,1653,657,870,999,large,cornflowerblue
1662,1598,661,852,1063,large,cornflowerblue
1663,1770,925,993,1145,xl,royalblue
1664,1566,611,866,981,large,cornflowerblue
1665,1668,611,757,975,medium,lightsteelblue
1666,1614,797,907,1143,xl,royalblue
1667,1673,682,853,967,large,cornflowerblue
1668,1588,489,779,875,medium,lightsteelblue
1669,1534,669,926,992,xl,royalblue
1670,1490,617,825,1023,large,cornflowerblue
1671,1611,706,938,1056,xl,royalblue
1672,1599,611,755,949,medium,lightsteelblue
1673,1645,662,867,996,large,cornflowerblue
1674,1571,532,784,925,medium,lightsteelblue
1675,1657,616,753,958,medium,lightsteelblue
1676,1641,737,914,1094,xl,royalblue
1677,1710,657,826,1039,large,cornflowerblue
1678,1674,671,875,1040,large,cornflowerblue
1679,1561,831,1095,1129,xxl,blue
1680,1664,866,1076,1179,xxl,blue
1681,1743,1054,1087,1275,xxl,blue
1682,1681,920,1011,1170,xxl,blue
1683,1498,617,931,1032,xl,royalblue
1684,1595,772,888,1105,xl,royalblue
1685,1771,777,971,1083,xl,royalblue
1686,1585,802,1015,1105,xxl,blue
1687,1819,953,995,1223,xxl,blue
1688,1683,870,1067,1185,xxl,blue
1689,1686,730,853,1066,large,cornflowerblue
1690,1703,877,937,1142,xl,royalblue
1691,1707,823,967,1122,xl,royalblue
1692,1678,831,1112,1078,xxl,blue
1693,1646,599,700,961,medium,lightsteelblue
1694,1676,725,907,1074,xl,royalblue
1695,1703,630,810,1006,large,cornflowerblue
1696,1609,623,900,1025,xl,royalblue
1697,1636,821,935,1132,xl,royalblue
1698,1625,624,858,982,large,cornflowerblue
1699,1615,567,790,998,medium,lightsteelblue
1700,1603,675,960,1049,xl,royalblue
1701,1641,623,778,993,medium,lightsteelblue
1702,1697,644,791,956,medium,lightsteelblue
1703,1571,626,838,1005,large,cornflowerblue
1704,1548,713,845,1097,large,cornflowerblue
1705,1633,630,799,992,medium,lightsteelblue
1706,1667,820,922,1102,xl,royalblue
1707,1584,762,956,1069,xl,royalblue
1708,1642,697,843,1068,large,cornflowerblue
1709,1736,910,1064,1206,xxl,blue
1710,1671,801,957,1143,xl,royalblue
1711,1595,683,820,1060,large,cornflowerblue
1712,1716,769,875,1071,large,cornflowerblue
1713,1574,601,768,971,medium,lightsteelblue
1714,1610,821,1073,1134,xxl,blue
1715,1643,842,913,1160,xl,royalblue
1716,1697,791,959,1083,xl,royalblue
1717,1501,575,840,980,large,cornflowerblue
1718,1632,568,787,935,medium,lightsteelblue
1719,1654,720,893,1036,xl,royalblue
1720,1571,521,706,951,small,slategrey
1721,1596,689,850,993,large,cornflowerblue
1722,1589,652,796,1016,medium,lightsteelblue
1723,1650,827,1010,1100,xxl,blue
1724,1611,662,910,1008,xl,royalblue
1725,1632,715,1013,1090,xxl,blue
1726,1729,973,1046,1194,xxl,blue
1727,1533,450,650,850,small,slategrey
1728,1611,504,720,884,small,slategrey
1729,1650,577,747,948,medium,lightsteelblue
1730,1473,562,867,949,large,cornflowerblue
1731,1700,728,810,1016,large,cornflowerblue
1732,1692,722,807,1091,large,cornflowerblue
1733,1611,560,738,947,medium,lightsteelblue
1734,1734,824,920,1106,xl,royalblue
1735,1692,825,918,1096,xl,royalblue
1736,1647,995,1093,1257,xxl,blue
1737,1599,988,1140,1210,xxxxl,red
1738,1614,815,1017,1074,xxl,blue
1739,1549,723,945,1140,xl,royalblue
1740,1634,736,868,1085,large,cornflowerblue
1741,1760,698,805,1022,large,cornflowerblue
1742,1683,766,944,1048,xl,royalblue
1743,1618,651,814,1066,large,cornflowerblue
1744,1565,518,735,917,medium,lightsteelblue
1745,1592,549,814,931,large,cornflowerblue
1746,1636,576,787,945,medium,lightsteelblue
1747,1538,583,808,956,large,cornflowerblue
1748,1648,670,822,1036,large,cornflowerblue
1749,1645,631,801,1014,large,cornflowerblue
1750,1623,627,842,985,large,cornflowerblue
1751,1611,676,844,1015,large,cornflowerblue
1752,1602,534,747,958,medium,lightsteelblue
1753,1670,748,873,1119,large,cornflowerblue
1754,1643,644,757,964,medium,lightsteelblue
1755,1628,677,854,1002,large,cornflowerblue
1756,1575,620,778,998,medium,lightsteelblue
1757,1613,536,713,954,small,slategrey
1758,1598,599,771,1008,medium,lightsteelblue
1759,1610,644,857,988,large,cornflowerblue
1760,1597,536,739,955,medium,lightsteelblue
1761,1590,882,972,1153,xl,royalblue
1762,1688,646,840,989,large,cornflowerblue
1763,1502,662,878,999,large,cornflowerblue
1764,1593,698,788,1072,large,cornflowerblue
1765,1607,677,895,1056,xl,royalblue
1766,1625,586,740,935,medium,lightsteelblue
1767,1525,526,767,907,medium,lightsteelblue
1768,1563,564,797,939,medium,lightsteelblue
1769,1734,765,840,1126,xl,royalblue
1770,1734,871,947,1093,xl,royalblue
1771,1728,682,812,1008,large,cornflowerblue
1772,1661,629,856,1021,large,cornflowerblue
1773,1703,568,733,969,medium,lightsteelblue
1774,1702,680,857,1020,large,cornflowerblue
1775,1772,669,782,990,medium,lightsteelblue
1776,1626,712,918,1085,xl,royalblue
1777,1661,781,875,1110,large,cornflowerblue
1778,1549,675,835,1021,large,cornflowerblue
1779,1634,663,795,1019,medium,lightsteelblue
1780,1661,793,967,1077,xl,royalblue
1781,1564,604,902,962,xl,royalblue
1782,1664,732,902,1059,xl,royalblue
1783,1553,712,986,1043,xl,royalblue
1784,1700,722,840,1085,large,cornflowerblue
1785,1542,610,827,988,large,cornflowerblue
1786,1743,817,975,1128,xl,royalblue
1787,1623,799,905,1106,xl,royalblue
1788,1590,602,770,1007,medium,lightsteelblue
1789,1604,584,737,973,medium,lightsteelblue
1790,1627,601,752,981,medium,lightsteelblue
1791,1718,834,918,1092,xl,royalblue
1792,1705,973,957,1179,xl,royalblue
1793,1561,557,686,929,small,slategrey
1794,1661,553,782,897,medium,lightsteelblue
1795,1620,526,700,870,small,slategrey
1796,1660,614,690,983,medium,lightsteelblue
1797,1697,894,1034,1140,xxl,blue
1798,1699,893,990,1144,xl,royalblue
1799,1740,702,800,1061,large,cornflowerblue
1800,1701,738,879,1058,large,cornflowerblue
1801,1707,601,727,926,medium,lightsteelblue
1802,1560,782,991,1148,xl,royalblue
1803,1483,442,647,871,small,slategrey
1804,1587,476,678,874,small,slategrey
1805,1579,642,846,1033,large,cornflowerblue
1806,1659,737,850,1055,large,cornflowerblue
1807,1684,776,851,1132,xl,royalblue
1808,1593,620,770,1019,medium,lightsteelblue
1809,1589,646,843,986,large,cornflowerblue
1810,1683,697,856,1035,large,cornflowerblue
1811,1704,724,795,1050,large,cornflowerblue
1812,1736,697,883,975,xl,royalblue
1813,1633,620,768,986,medium,lightsteelblue
1814,1724,884,857,1169,xl,royalblue
1815,1487,712,982,1104,xl,royalblue
1816,1560,684,915,960,xl,royalblue
1817,1561,623,920,1000,xl,royalblue
1818,1618,614,816,1010,large,cornflowerblue
1819,1604,551,667,943,small,slategrey
1820,1658,1121,1198,1341,xxxxl,red
1821,1658,749,882,1105,xl,royalblue
1822,1591,709,870,1081,large,cornflowerblue
1823,1638,588,780,969,medium,lightsteelblue
1824,1751,876,1016,1152,xxl,blue
1825,1587,597,753,998,medium,lightsteelblue
1826,1540,680,937,1019,xl,royalblue
1827,1576,707,946,1073,xl,royalblue
1828,1737,686,745,1034,medium,lightsteelblue
1829,1573,624,826,999,large,cornflowerblue
1830,1622,610,805,953,large,cornflowerblue
1831,1588,582,773,963,medium,lightsteelblue
1832,1548,489,624,863,xs,asd
1833,1662,696,865,1029,large,cornflowerblue
1834,1718,795,895,1076,xl,royalblue
1835,1519,600,805,1042,large,cornflowerblue
1836,1573,640,826,986,large,cornflowerblue
1837,1566,712,883,1085,xl,royalblue
1838,1529,475,696,871,small,slategrey
1839,1585,735,820,1101,large,cornflowerblue
1840,1611,546,730,869,medium,lightsteelblue
1841,1610,562,770,940,medium,lightsteelblue
1842,1541,582,830,966,large,cornflowerblue
1843,1766,812,870,1094,large,cornflowerblue
1844,1626,518,738,900,medium,lightsteelblue
1845,1644,523,706,896,small,slategrey
1846,1679,756,865,1023,large,cornflowerblue
1847,1743,674,812,1045,large,cornflowerblue
1848,1658,552,670,942,small,slategrey
1849,1610,690,900,1015,xl,royalblue
1850,1675,636,840,1001,large,cornflowerblue
1851,1637,641,784,1037,medium,lightsteelblue
1852,1628,701,933,1062,xl,royalblue
1853,1645,793,978,1096,xl,royalblue
1854,1595,660,883,1041,xl,royalblue
1855,1731,931,1032,1170,xxl,blue
1856,1567,661,912,1032,xl,royalblue
1857,1628,510,672,925,small,slategrey
1858,1688,686,877,1030,large,cornflowerblue
1859,1706,839,932,1160,xl,royalblue
1860,1543,652,840,1028,large,cornflowerblue
1861,1665,920,1032,1178,xxl,blue
1862,1690,667,783,1035,medium,lightsteelblue
1863,1471,464,668,875,small,slategrey
1864,1616,627,882,1008,xl,royalblue
1865,1753,593,727,926,medium,lightsteelblue
1866,1626,508,698,919,small,slategrey
1867,1698,727,866,1042,large,cornflowerblue
1868,1545,583,777,932,medium,lightsteelblue
1869,1759,669,785,1023,medium,lightsteelblue
1870,1732,842,1055,1132,xxl,blue
1871,1587,601,830,978,large,cornflowerblue
1872,1605,609,773,993,medium,lightsteelblue
1873,1530,687,872,1032,large,cornflowerblue
1874,1598,549,715,958,small,slategrey
1875,1524,452,674,895,small,slategrey
1876,1683,835,1066,1095,xxl,blue
1877,1577,641,822,956,large,cornflowerblue
1878,1583,588,749,991,medium,lightsteelblue
1879,1582,563,750,938,medium,lightsteelblue
1880,1569,702,895,1011,xl,royalblue
1881,1651,779,876,1071,large,cornflowerblue
1882,1463,626,902,938,xl,royalblue
1883,1659,992,1113,1200,xxl,blue
1884,1596,626,784,1019,medium,lightsteelblue
1885,1600,713,903,1059,xl,royalblue
1886,1557,528,715,970,medium,lightsteelblue
1887,1565,552,783,925,medium,lightsteelblue
1888,1525,622,827,947,large,cornflowerblue
1889,1613,612,860,965,large,cornflowerblue
1890,1674,529,727,915,medium,lightsteelblue
1891,1614,748,923,1155,xl,royalblue
1892,1558,582,815,993,large,cornflowerblue
1893,1774,790,907,1076,xl,royalblue
1894,1633,618,785,1006,medium,lightsteelblue
1895,1611,716,1004,1026,xxl,blue
1896,1768,692,858,995,large,cornflowerblue
1897,1578,635,850,1022,large,cornflowerblue
1898,1619,704,901,1128,xl,royalblue
1899,1681,668,890,999,xl,royalblue
1900,1613,535,728,938,medium,lightsteelblue
1901,1575,615,808,962,large,cornflowerblue
1902,1648,751,918,1146,xl,royalblue
1903,1590,546,690,909,small,slategrey
1904,1609,695,905,1053,xl,royalblue
1905,1625,773,919,1115,xl,royalblue
1906,1676,751,960,1078,xl,royalblue
1907,1623,700,945,1058,xl,royalblue
1908,1612,502,735,882,medium,lightsteelblue
1909,1720,717,866,1060,large,cornflowerblue
1910,1567,644,935,1060,xl,royalblue
1911,1770,1072,1076,1168,xxl,blue
1912,1668,940,1176,1161,xxxxl,red
1913,1588,764,886,1108,xl,royalblue
1914,1616,897,1135,1157,xxxxl,red
1915,1593,777,974,1049,xl,royalblue
1916,1572,497,721,896,medium,lightsteelblue
1917,1674,662,837,971,large,cornflowerblue
1918,1652,696,851,1018,large,cornflowerblue
1919,1664,844,996,1126,xl,royalblue
1920,1691,647,852,982,large,cornflowerblue
1921,1657,780,935,1044,xl,royalblue
1922,1704,773,927,1104,xl,royalblue
1923,1654,734,921,1092,xl,royalblue
1924,1578,695,937,1098,xl,royalblue
1925,1645,707,872,1026,large,cornflowerblue
1926,1631,936,1025,1208,xxl,blue
1927,1561,857,1106,1171,xxl,blue
1928,1516,573,767,987,medium,lightsteelblue
1929,1749,676,823,1031,large,cornflowerblue
1930,1715,855,933,1140,xl,royalblue
1931,1600,549,735,948,medium,lightsteelblue
1932,1683,588,772,946,medium,lightsteelblue
1933,1557,715,987,1075,xl,royalblue
1934,1548,580,837,960,large,cornflowerblue
1935,1714,697,873,1032,large,cornflowerblue
1936,1649,685,803,1010,large,cornflowerblue
1937,1528,586,804,1021,large,cornflowerblue
1938,1596,842,1055,1181,xxl,blue
1939,1658,909,901,1241,xxl,blue
1940,1701,1047,1172,1314,xxxxl,red
1941,1683,663,791,1000,medium,lightsteelblue
1942,1634,766,962,999,xl,royalblue
1943,1695,715,745,1034,medium,lightsteelblue
1944,1548,591,801,984,large,cornflowerblue
1945,1587,665,955,1016,xl,royalblue
1946,1549,676,1032,1045,xxl,blue
1947,1606,792,1042,1142,xxl,blue
1948,1508,652,966,1049,xl,royalblue
1949,1733,753,844,1110,large,cornflowerblue
1950,1560,517,752,918,medium,lightsteelblue
1951,1739,865,954,1164,xl,royalblue
1952,1629,732,857,1058,large,cornflowerblue
1953,1609,741,840,1106,large,cornflowerblue
1954,1740,906,1090,1140,xxl,blue
1955,1678,845,960,1157,xl,royalblue
1956,1545,631,830,977,large,cornflowerblue
1957,1809,898,1003,1115,xxl,blue
1958,1764,970,977,1164,xl,royalblue
1959,1606,663,855,1038,large,cornflowerblue
1960,1567,594,863,963,large,cornflowerblue
1961,1594,657,917,887,xl,royalblue
1962,1587,786,919,1070,xl,royalblue
1963,1573,520,695,952,small,slategrey
1964,1624,641,792,1027,medium,lightsteelblue
1965,1635,798,1014,1126,xxl,blue
1966,1580,740,906,1112,xl,royalblue
1967,1691,641,795,992,medium,lightsteelblue
1968,1656,803,1012,1132,xxl,blue
1969,1615,714,965,1081,xl,royalblue
1970,1749,924,869,1191,xl,royalblue
1971,1561,668,903,991,xl,royalblue
1972,1674,678,817,1046,large,cornflowerblue
1973,1721,577,681,906,small,slategrey
1974,1704,687,915,1025,xl,royalblue
1975,1636,758,870,1102,large,cornflowerblue
1976,1583,652,941,966,xl,royalblue
1977,1604,699,847,1055,large,cornflowerblue
1978,1533,474,755,878,medium,lightsteelblue
1979,1594,558,742,991,medium,lightsteelblue
1980,1719,768,960,1110,xl,royalblue
1981,1687,832,1043,1089,xxl,blue
1982,1613,717,971,1016,xl,royalblue
1983,1644,762,982,1063,xl,royalblue
1984,1616,632,837,1051,large,cornflowerblue
1985,1641,610,891,974,xl,royalblue
