,stature,weightkg,chestcircumference,waistcircumference,size,color
0,1560,657,922,850,large,cornflowerblue
1,1665,534,839,708,medium,lightsteelblue
2,1711,663,874,727,large,cornflowerblue
3,1660,782,1008,923,xl,royalblue
4,1572,886,1089,1163,xxl,blue
5,1707,837,1031,968,xl,royalblue
6,1644,732,988,964,xl,royalblue
7,1671,760,968,914,large,cornflowerblue
8,1521,545,831,755,medium,lightsteelblue
9,1590,684,1010,944,xl,royalblue
10,1707,990,1065,935,xl,royalblue
11,1668,742,1034,942,xl,royalblue
12,1654,781,1063,995,xl,royalblue
13,1666,718,937,848,large,cornflowerblue
14,1599,709,989,929,xl,royalblue
15,1673,672,940,835,large,cornflowerblue
16,1647,620,835,772,medium,lightsteelblue
17,1678,595,897,805,large,cornflowerblue
18,1679,741,979,868,xl,royalblue
19,1615,605,853,792,medium,lightsteelblue
20,1517,800,1090,1137,xxl,blue
21,1674,747,941,881,large,cornflowerblue
22,1623,491,857,702,medium,lightsteelblue
23,1668,703,973,954,xl,royalblue
24,1644,715,975,796,large,cornflowerblue
25,1579,708,1026,1000,xl,royalblue
26,1446,488,832,742,medium,lightsteelblue
27,1620,691,921,912,large,cornflowerblue
28,1684,730,1032,913,xl,royalblue
29,1619,610,904,821,large,cornflowerblue
30,1592,658,951,930,large,cornflowerblue
31,1655,709,950,901,large,cornflowerblue
32,1723,728,965,935,large,cornflowerblue
33,1677,846,1115,1077,xxl,blue
34,1654,945,1170,1112,xxl,blue
35,1634,627,895,812,large,cornflowerblue
36,1683,578,944,869,large,cornflowerblue
37,1552,524,833,712,medium,lightsteelblue
38,1617,732,1025,1057,xl,royalblue
39,1588,791,982,964,xl,royalblue
40,1641,894,1060,1134,xl,royalblue
41,1685,689,991,869,xl,royalblue
42,1656,758,994,942,xl,royalblue
43,1603,731,1071,1019,xxl,blue
44,1608,748,945,865,large,cornflowerblue
45,1664,806,1094,975,xxl,blue
46,1619,714,932,814,large,cornflowerblue
47,1620,712,1013,947,xl,royalblue
48,1720,657,910,794,large,cornflowerblue
49,1582,477,793,679,medium,lightsteelblue
50,1720,696,954,890,large,cornflowerblue
51,1720,1196,1161,1334,xxl,blue
52,1701,887,1135,1076,xxl,blue
53,1627,754,1095,1007,xxl,blue
54,1536,678,1014,897,xl,royalblue
55,1546,607,946,832,large,cornflowerblue
56,1654,572,814,766,medium,lightsteelblue
57,1605,689,940,878,large,cornflowerblue
58,1630,712,988,943,xl,royalblue
59,1612,604,904,825,large,cornflowerblue
60,1757,697,876,812,large,cornflowerblue
61,1670,854,1090,1062,xxl,blue
62,1632,617,943,914,large,cornflowerblue
63,1635,790,1132,987,xxl,blue
64,1682,672,977,868,xl,royalblue
65,1661,695,977,839,xl,royalblue
66,1596,669,1006,814,xl,royalblue
67,1596,574,936,804,large,cornflowerblue
68,1665,815,1065,925,xl,royalblue
69,1617,618,890,805,large,cornflowerblue
70,1555,645,900,811,large,cornflowerblue
71,1578,557,862,757,large,cornflowerblue
72,1581,614,896,839,large,cornflowerblue
73,1698,668,943,821,large,cornflowerblue
74,1554,730,1092,1001,xxl,blue
75,1756,737,920,860,large,cornflowerblue
76,1566,693,1071,922,xxl,blue
77,1651,757,1001,1012,xl,royalblue
78,1585,740,1126,981,xxl,blue
79,1657,682,982,870,xl,royalblue
80,1719,867,1069,931,xl,royalblue
81,1822,882,1061,895,xl,royalblue
82,1649,786,1031,925,xl,royalblue
83,1687,622,924,751,large,cornflowerblue
84,1698,782,999,1019,xl,royalblue
85,1530,608,865,784,large,cornflowerblue
86,1581,674,998,917,xl,royalblue
87,1609,686,930,865,large,cornflowerblue
88,1644,670,934,847,large,cornflowerblue
89,1548,635,856,785,medium,lightsteelblue
90,1606,773,979,1004,xl,royalblue
91,1642,555,852,759,medium,lightsteelblue
92,1622,727,1014,955,xl,royalblue
93,1669,593,841,694,medium,lightsteelblue
94,1745,998,1057,1068,xl,royalblue
95,1495,581,986,948,xl,royalblue
96,1493,642,951,912,large,cornflowerblue
97,1641,758,1068,989,xl,royalblue
98,1607,683,945,887,large,cornflowerblue
99,1560,471,826,698,medium,lightsteelblue
100,1625,665,978,822,xl,royalblue
101,1670,685,978,885,xl,royalblue
102,1616,579,870,764,large,cornflowerblue
103,1582,647,1080,943,xxl,blue
104,1730,591,921,809,large,cornflowerblue
105,1501,450,846,739,medium,lightsteelblue
106,1515,572,959,826,large,cornflowerblue
107,1576,721,1022,962,xl,royalblue
108,1628,676,878,849,large,cornflowerblue
109,1586,711,1029,951,xl,royalblue
110,1737,791,936,889,large,cornflowerblue
111,1576,536,834,790,medium,lightsteelblue
112,1626,639,931,811,large,cornflowerblue
113,1604,628,981,831,xl,royalblue
114,1673,788,1037,958,xl,royalblue
115,1642,598,981,761,large,cornflowerblue
116,1538,752,1052,1070,xl,royalblue
117,1574,686,1028,923,xl,royalblue
118,1637,668,946,949,large,cornflowerblue
119,1620,613,930,858,large,cornflowerblue
120,1733,742,937,859,large,cornflowerblue
121,1526,522,810,721,medium,lightsteelblue
122,1732,767,991,908,xl,royalblue
123,1624,661,985,880,xl,royalblue
124,1507,505,844,759,medium,lightsteelblue
125,1560,637,965,919,large,cornflowerblue
126,1640,666,985,908,xl,royalblue
127,1675,610,862,731,large,cornflowerblue
128,1526,581,863,820,large,cornflowerblue
129,1623,609,870,821,large,cornflowerblue
130,1584,575,815,740,medium,lightsteelblue
131,1671,797,1057,1024,xl,royalblue
132,1552,745,1137,932,xxl,blue
133,1633,614,874,827,large,cornflowerblue
134,1530,677,1004,896,xl,royalblue
135,1606,508,844,738,medium,lightsteelblue
136,1617,633,950,832,large,cornflowerblue
137,1645,711,1013,851,xl,royalblue
138,1681,727,960,859,large,cornflowerblue
139,1655,679,992,906,xl,royalblue
140,1626,833,1069,1028,xl,royalblue
141,1635,622,838,786,medium,lightsteelblue
142,1572,616,962,853,large,cornflowerblue
143,1608,573,899,745,large,cornflowerblue
144,1662,507,828,737,medium,lightsteelblue
145,1582,611,940,802,large,cornflowerblue
146,1701,866,1156,1045,xxl,blue
147,1602,523,886,763,large,cornflowerblue
148,1549,676,991,955,xl,royalblue
149,1561,549,899,719,medium,lightsteelblue
150,1677,571,889,746,large,cornflowerblue
151,1594,644,907,874,large,cornflowerblue
152,1628,649,940,772,large,cornflowerblue
153,1549,592,949,802,large,cornflowerblue
154,1559,563,866,719,medium,lightsteelblue
155,1619,580,907,862,large,cornflowerblue
156,1690,810,983,1044,xl,royalblue
157,1698,649,895,817,large,cornflowerblue
158,1705,654,892,817,large,cornflowerblue
159,1625,570,875,816,large,cornflowerblue
160,1666,805,1012,939,xl,royalblue
161,1559,671,1026,863,xl,royalblue
162,1595,673,977,915,xl,royalblue
163,1634,550,812,764,medium,lightsteelblue
164,1643,708,913,899,large,cornflowerblue
165,1667,538,943,782,large,cornflowerblue
166,1661,771,1032,897,xl,royalblue
167,1560,602,878,817,large,cornflowerblue
168,1610,719,971,900,xl,royalblue
169,1610,617,906,830,large,cornflowerblue
170,1682,761,1024,947,xl,royalblue
171,1604,739,1028,958,xl,royalblue
172,1540,560,881,767,large,cornflowerblue
173,1638,647,919,777,large,cornflowerblue
174,1656,724,918,896,large,cornflowerblue
175,1597,708,1118,968,xxl,blue
176,1749,953,1130,997,xxl,blue
177,1661,748,1002,879,xl,royalblue
178,1526,700,1039,1000,xl,royalblue
179,1583,655,934,931,large,cornflowerblue
180,1533,499,844,748,medium,lightsteelblue
181,1575,553,821,734,medium,lightsteelblue
182,1776,924,1072,1021,xxl,blue
183,1713,716,1084,874,xl,royalblue
184,1653,676,918,803,large,cornflowerblue
185,1516,641,1032,935,xl,royalblue
186,1658,666,971,810,xl,royalblue
187,1617,663,1022,882,xl,royalblue
188,1687,763,987,920,xl,royalblue
189,1603,717,1036,1085,xl,royalblue
190,1539,643,990,923,xl,royalblue
191,1603,591,965,840,large,cornflowerblue
192,1620,529,817,783,medium,lightsteelblue
193,1617,694,993,924,xl,royalblue
194,1600,699,1031,972,xl,royalblue
195,1572,592,877,774,large,cornflowerblue
196,1632,540,818,708,medium,lightsteelblue
197,1690,701,945,879,large,cornflowerblue
198,1682,681,916,830,large,cornflowerblue
199,1657,864,1050,980,xl,royalblue
200,1672,672,881,883,large,cornflowerblue
201,1621,559,912,754,large,cornflowerblue
202,1623,566,854,767,medium,lightsteelblue
203,1633,585,887,868,large,cornflowerblue
204,1526,628,1005,938,xl,royalblue
205,1570,467,825,682,medium,lightsteelblue
206,1616,599,874,762,large,cornflowerblue
207,1690,642,972,802,large,cornflowerblue
208,1637,813,1026,1060,xl,royalblue
209,1718,719,979,922,xl,royalblue
210,1588,548,873,783,large,cornflowerblue
211,1520,485,844,707,medium,lightsteelblue
212,1618,658,921,795,large,cornflowerblue
213,1631,753,1000,862,xl,royalblue
214,1642,636,938,929,large,cornflowerblue
215,1719,752,952,858,large,cornflowerblue
216,1715,755,931,784,large,cornflowerblue
217,1653,469,814,632,small,slategrey
218,1590,537,913,809,large,cornflowerblue
219,1751,758,950,912,large,cornflowerblue
220,1583,679,950,941,large,cornflowerblue
221,1627,684,915,854,large,cornflowerblue
222,1586,677,923,885,large,cornflowerblue
223,1675,617,909,783,large,cornflowerblue
224,1606,717,986,927,xl,royalblue
225,1680,642,870,785,large,cornflowerblue
226,1773,740,942,858,large,cornflowerblue
227,1680,792,1105,958,xxl,blue
228,1645,581,838,707,medium,lightsteelblue
229,1558,727,1086,1004,xxl,blue
230,1665,704,985,905,xl,royalblue
231,1601,653,960,989,large,cornflowerblue
232,1658,725,964,906,large,cornflowerblue
233,1623,721,1015,854,xl,royalblue
234,1661,561,862,738,large,cornflowerblue
235,1563,583,861,784,large,cornflowerblue
236,1630,677,927,871,large,cornflowerblue
237,1528,576,906,811,large,cornflowerblue
238,1653,559,847,728,medium,lightsteelblue
239,1512,468,841,763,medium,lightsteelblue
240,1629,567,855,793,medium,lightsteelblue
241,1675,820,1072,1001,xxl,blue
242,1498,664,988,922,xl,royalblue
243,1538,626,984,829,xl,royalblue
244,1567,653,938,850,large,cornflowerblue
245,1590,539,866,731,large,cornflowerblue
246,1573,750,1063,996,xl,royalblue
247,1595,704,949,871,large,cornflowerblue
248,1610,675,982,1036,xl,royalblue
249,1565,640,935,835,large,cornflowerblue
250,1523,470,845,665,medium,lightsteelblue
251,1570,502,836,671,medium,lightsteelblue
252,1556,597,949,769,large,cornflowerblue
253,1599,646,954,850,large,cornflowerblue
254,1611,726,940,936,large,cornflowerblue
255,1681,631,915,758,large,cornflowerblue
256,1585,631,925,888,large,cornflowerblue
257,1614,660,1032,941,xl,royalblue
258,1674,789,988,812,xl,royalblue
259,1653,531,838,704,medium,lightsteelblue
260,1593,708,992,1027,xl,royalblue
261,1592,625,969,885,large,cornflowerblue
262,1617,680,957,872,large,cornflowerblue
263,1589,734,1093,1041,xxl,blue
264,1597,688,997,859,xl,royalblue
265,1698,840,1090,1022,xxl,blue
266,1619,647,923,790,large,cornflowerblue
267,1663,561,844,711,medium,lightsteelblue
268,1606,735,1011,941,xl,royalblue
269,1609,733,997,1076,xl,royalblue
270,1696,605,943,797,large,cornflowerblue
271,1723,722,934,904,large,cornflowerblue
272,1748,908,1031,979,xl,royalblue
273,1695,760,985,888,xl,royalblue
274,1648,606,935,769,large,cornflowerblue
275,1579,573,872,807,large,cornflowerblue
276,1587,602,996,839,xl,royalblue
277,1604,669,994,975,xl,royalblue
278,1603,829,1131,1127,xxl,blue
279,1712,765,966,930,large,cornflowerblue
280,1628,671,908,907,large,cornflowerblue
281,1520,589,985,919,xl,royalblue
282,1640,615,896,839,large,cornflowerblue
283,1616,529,864,697,medium,lightsteelblue
284,1684,847,1095,1088,xxl,blue
285,1649,596,890,805,large,cornflowerblue
286,1677,666,965,844,large,cornflowerblue
287,1653,676,958,915,large,cornflowerblue
288,1638,658,926,862,large,cornflowerblue
289,1646,596,878,835,large,cornflowerblue
290,1619,735,951,1000,large,cornflowerblue
291,1530,556,858,789,medium,lightsteelblue
292,1603,561,870,777,large,cornflowerblue
293,1680,560,875,796,large,cornflowerblue
294,1602,871,1139,1017,xxl,blue
295,1447,736,1064,1074,xl,royalblue
296,1627,613,923,688,medium,lightsteelblue
297,1594,505,861,713,medium,lightsteelblue
298,1688,823,1057,1035,xl,royalblue
299,1547,561,896,827,large,cornflowerblue
300,1621,754,991,950,xl,royalblue
301,1625,593,904,805,large,cornflowerblue
302,1597,695,981,896,xl,royalblue
303,1602,820,1046,905,xl,royalblue
304,1614,583,952,833,large,cornflowerblue
305,1743,920,1067,1055,xl,royalblue
306,1603,841,1105,1071,xxl,blue
307,1576,842,1196,1111,xxxl,midnightblue
308,1619,660,999,871,xl,royalblue
309,1754,896,1052,969,xl,royalblue
310,1709,842,1014,942,xl,royalblue
311,1789,845,1048,964,xl,royalblue
312,1587,596,896,887,large,cornflowerblue
313,1687,688,943,838,large,cornflowerblue
314,1665,690,899,826,large,cornflowerblue
315,1573,748,996,950,xl,royalblue
316,1654,699,911,819,large,cornflowerblue
317,1582,691,1005,920,xl,royalblue
318,1575,566,873,744,large,cornflowerblue
319,1600,699,976,880,xl,royalblue
320,1584,468,834,740,medium,lightsteelblue
321,1535,701,986,829,xl,royalblue
322,1593,832,1062,1029,xl,royalblue
323,1583,789,1004,973,xl,royalblue
324,1608,592,896,845,large,cornflowerblue
325,1663,583,861,828,large,cornflowerblue
326,1609,746,951,1020,large,cornflowerblue
327,1513,428,772,675,medium,lightsteelblue
328,1704,853,1034,1007,xl,royalblue
329,1708,664,899,858,large,cornflowerblue
330,1506,577,955,804,large,cornflowerblue
331,1583,565,867,811,large,cornflowerblue
332,1731,714,971,864,xl,royalblue
333,1669,762,966,871,large,cornflowerblue
334,1640,556,800,824,medium,lightsteelblue
335,1613,561,812,724,medium,lightsteelblue
336,1640,641,946,849,large,cornflowerblue
337,1581,766,1008,918,xl,royalblue
338,1664,702,971,829,xl,royalblue
339,1562,561,918,799,large,cornflowerblue
340,1722,812,987,1017,xl,royalblue
341,1564,725,969,900,large,cornflowerblue
342,1589,686,979,917,xl,royalblue
343,1789,924,1017,970,xl,royalblue
344,1608,662,1058,884,xl,royalblue
345,1595,562,887,796,large,cornflowerblue
346,1590,564,859,785,medium,lightsteelblue
347,1575,653,980,870,xl,royalblue
348,1539,679,1037,905,xl,royalblue
349,1654,777,984,958,xl,royalblue
350,1616,632,959,855,large,cornflowerblue
351,1646,697,988,869,xl,royalblue
352,1548,681,900,875,large,cornflowerblue
353,1617,570,827,722,medium,lightsteelblue
354,1527,742,1089,1034,xxl,blue
355,1653,589,895,757,large,cornflowerblue
356,1606,750,1024,995,xl,royalblue
357,1700,744,948,812,large,cornflowerblue
358,1672,815,1131,954,xxl,blue
359,1728,765,988,928,xl,royalblue
360,1677,827,1098,1049,xxl,blue
361,1790,793,1033,958,xl,royalblue
362,1643,735,960,912,large,cornflowerblue
363,1584,620,955,822,large,cornflowerblue
364,1583,659,1023,935,xl,royalblue
365,1640,705,1000,957,xl,royalblue
366,1562,493,866,707,medium,lightsteelblue
367,1650,643,881,771,large,cornflowerblue
368,1656,654,950,806,large,cornflowerblue
369,1624,655,1020,1002,xl,royalblue
370,1631,856,1159,1044,xxl,blue
371,1715,632,866,815,large,cornflowerblue
372,1607,648,908,752,large,cornflowerblue
373,1600,604,883,831,large,cornflowerblue
374,1571,702,993,880,xl,royalblue
375,1603,659,920,817,large,cornflowerblue
376,1599,771,1122,938,xxl,blue
377,1602,524,829,797,medium,lightsteelblue
378,1642,685,925,773,large,cornflowerblue
379,1715,1017,1096,1103,xxl,blue
380,1634,487,862,679,medium,lightsteelblue
381,1657,824,1059,1055,xl,royalblue
382,1626,724,1086,856,xl,royalblue
383,1536,617,968,868,large,cornflowerblue
384,1698,696,908,818,large,cornflowerblue
385,1652,753,956,846,large,cornflowerblue
386,1611,785,1043,1032,xl,royalblue
387,1764,812,1003,911,xl,royalblue
388,1586,485,825,650,small,slategrey
389,1592,595,899,804,large,cornflowerblue
390,1782,740,958,880,large,cornflowerblue
391,1708,799,1028,970,xl,royalblue
392,1650,645,957,841,large,cornflowerblue
393,1612,725,1007,949,xl,royalblue
394,1660,600,842,766,medium,lightsteelblue
395,1629,630,884,811,large,cornflowerblue
396,1630,762,992,978,xl,royalblue
397,1743,696,913,738,large,cornflowerblue
398,1688,818,1152,1001,xxl,blue
399,1580,508,836,705,medium,lightsteelblue
400,1610,665,957,901,large,cornflowerblue
401,1556,400,757,620,small,slategrey
402,1585,736,985,1000,xl,royalblue
403,1685,770,1036,952,xl,royalblue
404,1592,630,943,823,large,cornflowerblue
405,1698,761,960,919,large,cornflowerblue
406,1648,690,875,886,large,cornflowerblue
407,1575,573,879,791,large,cornflowerblue
408,1602,617,935,794,large,cornflowerblue
409,1669,663,886,822,large,cornflowerblue
410,1637,850,1018,996,xl,royalblue
411,1690,601,929,798,large,cornflowerblue
412,1664,655,935,795,large,cornflowerblue
413,1710,716,932,940,large,cornflowerblue
414,1596,611,906,716,medium,lightsteelblue
415,1656,1000,1150,1164,xxl,blue
416,1586,791,991,870,xl,royalblue
417,1653,676,1000,886,xl,royalblue
418,1661,740,1045,831,xl,royalblue
419,1495,501,862,749,large,cornflowerblue
420,1633,587,900,811,large,cornflowerblue
421,1652,696,976,850,xl,royalblue
422,1596,599,899,779,large,cornflowerblue
423,1715,809,1003,1009,xl,royalblue
424,1724,788,995,939,xl,royalblue
425,1741,797,955,907,large,cornflowerblue
426,1707,746,910,851,large,cornflowerblue
427,1684,740,945,917,large,cornflowerblue
428,1586,569,892,780,large,cornflowerblue
429,1611,829,1066,1046,xl,royalblue
430,1658,770,1040,939,xl,royalblue
431,1673,751,980,909,xl,royalblue
432,1770,889,1100,1076,xxl,blue
433,1574,661,872,799,large,cornflowerblue
434,1715,842,1059,1009,xl,royalblue
435,1525,558,852,865,medium,lightsteelblue
436,1650,983,1142,1154,xxl,blue
437,1537,535,870,814,large,cornflowerblue
438,1568,581,880,801,large,cornflowerblue
439,1569,684,892,830,large,cornflowerblue
440,1711,725,957,807,large,cornflowerblue
441,1639,757,1070,1073,xl,royalblue
442,1638,733,962,946,large,cornflowerblue
443,1756,704,930,845,large,cornflowerblue
444,1618,590,895,748,large,cornflowerblue
445,1745,835,1050,1003,xl,royalblue
446,1569,635,925,814,large,cornflowerblue
447,1668,546,895,782,large,cornflowerblue
448,1619,610,895,780,large,cornflowerblue
449,1657,820,1101,1016,xxl,blue
450,1628,685,910,847,large,cornflowerblue
451,1660,574,903,803,large,cornflowerblue
452,1683,616,878,733,large,cornflowerblue
453,1672,678,846,866,medium,lightsteelblue
454,1623,558,836,745,medium,lightsteelblue
455,1672,588,870,705,medium,lightsteelblue
456,1619,591,869,784,large,cornflowerblue
457,1558,511,794,712,medium,lightsteelblue
458,1649,591,845,742,medium,lightsteelblue
459,1730,671,880,805,large,cornflowerblue
460,1527,522,843,730,medium,lightsteelblue
461,1670,565,838,761,medium,lightsteelblue
462,1583,774,1077,1000,xxl,blue
463,1643,730,963,885,large,cornflowerblue
464,1717,669,1012,800,large,cornflowerblue
465,1623,718,1000,945,xl,royalblue
466,1630,594,860,810,medium,lightsteelblue
467,1710,680,925,808,large,cornflowerblue
468,1730,779,1002,961,xl,royalblue
469,1725,695,960,772,large,cornflowerblue
470,1680,755,957,928,large,cornflowerblue
471,1682,645,922,889,large,cornflowerblue
472,1680,843,1157,1050,xxl,blue
473,1829,688,915,777,large,cornflowerblue
474,1675,643,885,866,large,cornflowerblue
475,1727,689,1040,842,xl,royalblue
476,1615,651,1003,842,xl,royalblue
477,1497,460,837,690,medium,lightsteelblue
478,1613,610,871,750,large,cornflowerblue
479,1771,925,1115,950,xxl,blue
480,1588,666,924,829,large,cornflowerblue
481,1736,821,997,995,xl,royalblue
482,1664,591,870,767,large,cornflowerblue
483,1584,722,1025,898,xl,royalblue
484,1712,770,1006,940,xl,royalblue
485,1658,617,876,787,large,cornflowerblue
486,1646,685,933,812,large,cornflowerblue
487,1723,689,966,820,large,cornflowerblue
488,1578,587,900,813,large,cornflowerblue
489,1671,742,1040,845,xl,royalblue
490,1580,820,1045,1011,xl,royalblue
491,1584,557,925,758,large,cornflowerblue
492,1670,648,975,814,xl,royalblue
493,1585,566,910,770,large,cornflowerblue
494,1638,584,952,809,large,cornflowerblue
495,1589,599,907,817,large,cornflowerblue
496,1659,785,1089,938,xxl,blue
497,1550,654,943,845,large,cornflowerblue
498,1730,838,1047,995,xl,royalblue
499,1500,644,1027,907,xl,royalblue
500,1615,809,1038,983,xl,royalblue
501,1645,677,906,801,large,cornflowerblue
502,1727,847,1095,1029,xxl,blue
503,1667,781,1032,1052,xl,royalblue
504,1519,552,981,848,xl,royalblue
505,1700,832,1113,955,xxl,blue
506,1628,694,860,807,medium,lightsteelblue
507,1600,786,1068,855,xl,royalblue
508,1747,851,1025,969,xl,royalblue
509,1583,678,925,900,large,cornflowerblue
510,1662,645,927,800,large,cornflowerblue
511,1697,618,873,720,large,cornflowerblue
512,1732,843,948,942,large,cornflowerblue
513,1647,793,982,1015,xl,royalblue
514,1589,727,1029,1019,xl,royalblue
515,1545,645,965,829,large,cornflowerblue
516,1659,755,1028,937,xl,royalblue
517,1522,555,891,885,large,cornflowerblue
518,1651,779,997,816,xl,royalblue
519,1767,763,1016,922,xl,royalblue
520,1608,785,1008,965,xl,royalblue
521,1605,717,997,931,xl,royalblue
522,1734,674,902,895,large,cornflowerblue
523,1661,730,972,829,xl,royalblue
524,1589,754,960,980,large,cornflowerblue
525,1741,776,912,800,large,cornflowerblue
526,1670,810,1079,1012,xxl,blue
527,1680,667,865,801,large,cornflowerblue
528,1736,791,957,915,large,cornflowerblue
529,1682,763,990,937,xl,royalblue
530,1714,650,936,811,large,cornflowerblue
531,1546,513,856,691,medium,lightsteelblue
532,1634,591,917,813,large,cornflowerblue
533,1568,658,930,890,large,cornflowerblue
534,1536,504,876,782,large,cornflowerblue
535,1584,685,962,927,large,cornflowerblue
536,1646,629,882,874,large,cornflowerblue
537,1664,568,891,765,large,cornflowerblue
538,1658,661,902,800,large,cornflowerblue
539,1738,683,910,734,large,cornflowerblue
540,1745,791,923,775,large,cornflowerblue
541,1595,907,1072,1061,xxl,blue
542,1625,783,987,926,xl,royalblue
543,1623,709,967,865,large,cornflowerblue
544,1518,509,841,752,medium,lightsteelblue
545,1525,623,1008,877,xl,royalblue
546,1557,664,919,900,large,cornflowerblue
547,1730,921,1093,1054,xxl,blue
548,1601,671,983,903,xl,royalblue
549,1597,547,839,728,medium,lightsteelblue
550,1743,784,1027,947,xl,royalblue
551,1683,590,925,754,large,cornflowerblue
552,1752,763,1015,921,xl,royalblue
553,1618,709,967,851,large,cornflowerblue
554,1620,703,1018,851,xl,royalblue
555,1649,581,862,790,large,cornflowerblue
556,1709,593,846,764,medium,lightsteelblue
557,1587,753,1044,992,xl,royalblue
558,1632,662,917,816,large,cornflowerblue
559,1527,683,1057,965,xl,royalblue
560,1660,758,1034,975,xl,royalblue
561,1632,613,864,734,large,cornflowerblue
562,1742,730,942,820,large,cornflowerblue
563,1709,700,885,848,large,cornflowerblue
564,1619,751,1048,925,xl,royalblue
565,1675,738,996,927,xl,royalblue
566,1634,642,988,837,xl,royalblue
567,1679,595,892,802,large,cornflowerblue
568,1614,569,848,846,medium,lightsteelblue
569,1684,596,861,778,large,cornflowerblue
570,1597,631,937,853,large,cornflowerblue
571,1610,589,855,730,medium,lightsteelblue
572,1688,746,943,886,large,cornflowerblue
573,1725,864,997,929,xl,royalblue
574,1609,608,936,900,large,cornflowerblue
575,1585,504,810,759,medium,lightsteelblue
576,1562,549,887,816,large,cornflowerblue
577,1547,530,897,770,large,cornflowerblue
578,1611,692,961,895,large,cornflowerblue
579,1740,713,1004,880,xl,royalblue
580,1555,705,972,904,xl,royalblue
581,1650,699,971,938,xl,royalblue
582,1583,659,913,906,large,cornflowerblue
583,1647,632,858,750,medium,lightsteelblue
584,1532,696,946,845,large,cornflowerblue
585,1619,593,920,811,large,cornflowerblue
586,1704,695,902,888,large,cornflowerblue
587,1689,797,970,774,large,cornflowerblue
588,1657,619,911,846,large,cornflowerblue
589,1647,677,926,861,large,cornflowerblue
590,1670,544,892,724,large,cornflowerblue
591,1496,646,971,928,xl,royalblue
592,1717,882,1117,1026,xxl,blue
593,1531,634,943,915,large,cornflowerblue
594,1666,765,981,987,xl,royalblue
595,1574,654,892,915,large,cornflowerblue
596,1663,837,1000,888,xl,royalblue
597,1617,652,975,863,xl,royalblue
598,1585,624,1005,857,xl,royalblue
599,1647,994,1195,1037,xxxl,midnightblue
600,1643,748,1016,950,xl,royalblue
601,1677,649,901,877,large,cornflowerblue
602,1670,542,889,665,medium,lightsteelblue
603,1651,814,983,885,xl,royalblue
604,1525,563,883,812,large,cornflowerblue
605,1715,967,1152,1096,xxl,blue
606,1602,837,1148,1006,xxl,blue
607,1570,502,855,685,medium,lightsteelblue
608,1662,657,901,944,large,cornflowerblue
609,1561,707,983,973,xl,royalblue
610,1543,669,968,975,large,cornflowerblue
611,1562,597,923,853,large,cornflowerblue
612,1627,720,897,885,large,cornflowerblue
613,1678,750,940,816,large,cornflowerblue
614,1608,673,990,982,xl,royalblue
615,1672,784,906,856,large,cornflowerblue
616,1661,516,769,710,medium,lightsteelblue
617,1574,630,1010,890,xl,royalblue
618,1670,793,1046,990,xl,royalblue
619,1585,564,895,793,large,cornflowerblue
620,1574,687,997,962,xl,royalblue
621,1617,590,846,727,medium,lightsteelblue
622,1592,603,904,770,large,cornflowerblue
623,1705,699,991,930,xl,royalblue
624,1620,573,878,849,large,cornflowerblue
625,1579,654,957,882,large,cornflowerblue
626,1661,603,876,749,large,cornflowerblue
627,1595,771,955,935,large,cornflowerblue
628,1646,767,1062,903,xl,royalblue
629,1522,667,932,890,large,cornflowerblue
630,1760,783,928,900,large,cornflowerblue
631,1505,518,850,752,medium,lightsteelblue
632,1708,663,838,803,medium,lightsteelblue
633,1659,655,938,861,large,cornflowerblue
634,1613,690,1004,906,xl,royalblue
635,1666,680,905,870,large,cornflowerblue
636,1565,609,918,860,large,cornflowerblue
637,1578,646,859,785,medium,lightsteelblue
638,1480,540,880,770,large,cornflowerblue
639,1636,530,829,756,medium,lightsteelblue
640,1608,789,945,901,large,cornflowerblue
641,1552,431,825,658,small,slategrey
642,1559,746,985,873,xl,royalblue
643,1595,712,998,1033,xl,royalblue
644,1674,727,1016,863,xl,royalblue
645,1661,613,845,761,medium,lightsteelblue
646,1550,574,878,792,large,cornflowerblue
647,1597,655,902,832,large,cornflowerblue
648,1543,577,884,753,large,cornflowerblue
649,1636,585,837,760,medium,lightsteelblue
650,1563,627,923,913,large,cornflowerblue
651,1506,535,905,779,large,cornflowerblue
652,1689,652,851,803,medium,lightsteelblue
653,1600,702,992,878,xl,royalblue
654,1827,931,1021,1080,xl,royalblue
655,1594,532,824,742,medium,lightsteelblue
656,1768,735,974,817,xl,royalblue
657,1658,557,783,759,medium,lightsteelblue
658,1629,655,945,865,large,cornflowerblue
659,1672,691,975,855,xl,royalblue
660,1783,965,1013,967,xl,royalblue
661,1571,702,970,992,large,cornflowerblue
662,1525,523,838,736,medium,lightsteelblue
663,1595,660,923,876,large,cornflowerblue
664,1708,814,1009,947,xl,royalblue
665,1818,952,1029,1000,xl,royalblue
666,1688,658,832,802,medium,lightsteelblue
667,1568,503,782,695,medium,lightsteelblue
668,1555,547,885,807,large,cornflowerblue
669,1645,688,988,918,xl,royalblue
670,1631,604,833,750,medium,lightsteelblue
671,1563,669,919,881,large,cornflowerblue
672,1566,599,926,806,large,cornflowerblue
673,1585,616,870,875,large,cornflowerblue
674,1518,548,872,798,large,cornflowerblue
675,1590,604,838,716,medium,lightsteelblue
676,1462,519,845,829,medium,lightsteelblue
677,1599,640,930,943,large,cornflowerblue
678,1665,669,845,834,medium,lightsteelblue
679,1712,791,1007,958,xl,royalblue
680,1634,598,908,796,large,cornflowerblue
681,1628,736,975,865,xl,royalblue
682,1625,825,1080,1052,xxl,blue
683,1718,756,996,881,xl,royalblue
684,1604,595,773,767,medium,lightsteelblue
685,1748,863,996,978,xl,royalblue
686,1650,686,935,936,large,cornflowerblue
687,1679,763,965,970,large,cornflowerblue
688,1635,725,995,904,xl,royalblue
689,1673,639,862,783,large,cornflowerblue
690,1643,559,856,772,medium,lightsteelblue
691,1691,764,964,960,large,cornflowerblue
692,1672,699,969,871,large,cornflowerblue
693,1638,630,839,825,medium,lightsteelblue
694,1676,606,803,734,medium,lightsteelblue
695,1655,680,918,852,large,cornflowerblue
696,1675,654,914,813,large,cornflowerblue
697,1508,538,820,765,medium,lightsteelblue
698,1679,731,1006,955,xl,royalblue
699,1692,766,970,882,large,cornflowerblue
700,1631,577,882,800,large,cornflowerblue
701,1533,598,909,827,large,cornflowerblue
702,1563,686,996,887,xl,royalblue
703,1655,708,908,830,large,cornflowerblue
704,1496,488,786,697,medium,lightsteelblue
705,1777,766,935,857,large,cornflowerblue
706,1546,583,897,788,large,cornflowerblue
707,1685,685,906,936,large,cornflowerblue
708,1608,585,850,768,medium,lightsteelblue
709,1632,719,929,833,large,cornflowerblue
710,1690,649,892,802,large,cornflowerblue
711,1655,583,798,742,medium,lightsteelblue
712,1574,648,933,850,large,cornflowerblue
713,1659,564,841,758,medium,lightsteelblue
714,1541,478,812,706,medium,lightsteelblue
715,1675,591,843,775,medium,lightsteelblue
716,1652,665,936,912,large,cornflowerblue
717,1593,649,945,886,large,cornflowerblue
718,1565,512,784,755,medium,lightsteelblue
719,1530,496,804,765,medium,lightsteelblue
720,1600,744,932,897,large,cornflowerblue
721,1615,680,927,868,large,cornflowerblue
722,1557,506,783,790,medium,lightsteelblue
723,1679,591,846,785,medium,lightsteelblue
724,1662,712,909,864,large,cornflowerblue
725,1696,844,1121,967,xxl,blue
726,1657,547,892,760,large,cornflowerblue
727,1495,487,814,726,medium,lightsteelblue
728,1644,612,939,842,large,cornflowerblue
729,1652,722,933,865,large,cornflowerblue
730,1566,567,894,888,large,cornflowerblue
731,1653,688,957,819,large,cornflowerblue
732,1604,542,787,739,medium,lightsteelblue
733,1594,611,853,805,medium,lightsteelblue
734,1627,672,989,880,xl,royalblue
735,1729,749,927,810,large,cornflowerblue
736,1602,585,883,803,large,cornflowerblue
737,1615,605,930,787,large,cornflowerblue
738,1645,601,862,787,large,cornflowerblue
739,1623,621,877,821,large,cornflowerblue
740,1595,609,830,723,medium,lightsteelblue
741,1480,470,798,628,small,slategrey
742,1696,786,955,951,large,cornflowerblue
743,1680,725,958,857,large,cornflowerblue
744,1590,516,787,726,medium,lightsteelblue
745,1529,501,802,700,medium,lightsteelblue
746,1551,626,917,860,large,cornflowerblue
747,1709,787,942,832,large,cornflowerblue
748,1589,572,947,818,large,cornflowerblue
749,1616,670,902,813,large,cornflowerblue
750,1643,535,825,705,medium,lightsteelblue
751,1587,638,844,768,medium,lightsteelblue
752,1691,752,888,779,large,cornflowerblue
753,1558,519,824,699,medium,lightsteelblue
754,1611,602,843,768,medium,lightsteelblue
755,1724,701,915,898,large,cornflowerblue
756,1623,782,958,900,large,cornflowerblue
757,1686,611,880,791,large,cornflowerblue
758,1587,631,1011,895,xl,royalblue
759,1546,540,803,710,medium,lightsteelblue
760,1682,619,914,827,large,cornflowerblue
761,1519,577,848,812,medium,lightsteelblue
762,1631,673,867,808,large,cornflowerblue
763,1525,608,909,789,large,cornflowerblue
764,1657,905,1110,1092,xxl,blue
765,1653,682,975,815,xl,royalblue
766,1447,683,1018,937,xl,royalblue
767,1615,778,1068,1040,xl,royalblue
768,1732,648,958,854,large,cornflowerblue
769,1733,1082,1212,1076,xxxl,midnightblue
770,1760,875,1004,1031,xl,royalblue
771,1669,788,1052,930,xl,royalblue
772,1602,844,1073,976,xxl,blue
773,1611,667,910,916,large,cornflowerblue
774,1607,749,1057,927,xl,royalblue
775,1582,827,1043,1032,xl,royalblue
776,1636,695,902,925,large,cornflowerblue
777,1702,697,909,889,large,cornflowerblue
778,1591,528,783,708,medium,lightsteelblue
779,1724,785,1036,925,xl,royalblue
780,1657,669,965,833,large,cornflowerblue
781,1591,556,830,827,medium,lightsteelblue
782,1630,840,1077,1042,xxl,blue
783,1730,831,945,961,large,cornflowerblue
784,1695,735,943,866,large,cornflowerblue
785,1598,763,948,911,large,cornflowerblue
786,1606,637,953,875,large,cornflowerblue
787,1644,700,975,906,xl,royalblue
788,1575,626,923,835,large,cornflowerblue
789,1642,607,881,787,large,cornflowerblue
790,1615,705,986,943,xl,royalblue
791,1570,689,988,913,xl,royalblue
792,1607,633,896,778,large,cornflowerblue
793,1626,564,823,722,medium,lightsteelblue
794,1729,729,935,843,large,cornflowerblue
795,1501,618,932,782,large,cornflowerblue
796,1657,618,883,791,large,cornflowerblue
797,1614,546,813,761,medium,lightsteelblue
798,1660,686,954,853,large,cornflowerblue
799,1675,641,884,725,large,cornflowerblue
800,1638,635,865,779,large,cornflowerblue
801,1584,634,869,834,large,cornflowerblue
802,1680,684,927,800,large,cornflowerblue
803,1667,680,896,835,large,cornflowerblue
804,1758,751,946,825,large,cornflowerblue
805,1688,851,950,962,large,cornflowerblue
806,1636,582,895,823,large,cornflowerblue
807,1607,709,910,846,large,cornflowerblue
808,1594,664,876,959,large,cornflowerblue
809,1694,757,962,907,large,cornflowerblue
810,1606,632,910,807,large,cornflowerblue
811,1687,674,863,853,large,cornflowerblue
812,1574,602,896,753,large,cornflowerblue
813,1603,616,898,839,large,cornflowerblue
814,1559,584,921,762,large,cornflowerblue
815,1659,717,914,861,large,cornflowerblue
816,1614,606,920,845,large,cornflowerblue
817,1630,648,869,818,large,cornflowerblue
818,1435,478,860,760,medium,lightsteelblue
819,1672,751,951,885,large,cornflowerblue
820,1708,739,936,872,large,cornflowerblue
821,1676,686,1017,887,xl,royalblue
822,1609,620,844,788,medium,lightsteelblue
823,1590,740,1000,937,xl,royalblue
824,1629,598,832,798,medium,lightsteelblue
825,1598,645,888,826,large,cornflowerblue
826,1560,563,895,761,large,cornflowerblue
827,1688,686,919,822,large,cornflowerblue
828,1745,696,906,803,large,cornflowerblue
829,1673,631,865,791,large,cornflowerblue
830,1662,729,950,846,large,cornflowerblue
831,1576,548,906,762,large,cornflowerblue
832,1720,650,908,860,large,cornflowerblue
833,1701,700,906,867,large,cornflowerblue
834,1620,580,815,793,medium,lightsteelblue
835,1670,738,952,928,large,cornflowerblue
836,1630,478,775,672,medium,lightsteelblue
837,1636,583,815,785,medium,lightsteelblue
838,1714,849,956,916,large,cornflowerblue
839,1702,732,927,854,large,cornflowerblue
840,1590,609,855,778,medium,lightsteelblue
841,1643,654,900,771,large,cornflowerblue
842,1769,832,946,897,large,cornflowerblue
843,1549,591,882,822,large,cornflowerblue
844,1533,695,973,935,xl,royalblue
845,1592,609,848,828,medium,lightsteelblue
846,1609,650,903,841,large,cornflowerblue
847,1569,550,815,754,medium,lightsteelblue
848,1586,659,883,865,large,cornflowerblue
849,1574,701,902,827,large,cornflowerblue
850,1617,689,930,887,large,cornflowerblue
851,1589,607,866,836,large,cornflowerblue
852,1679,736,931,917,large,cornflowerblue
853,1700,564,826,739,medium,lightsteelblue
854,1623,566,847,779,medium,lightsteelblue
855,1677,681,857,775,medium,lightsteelblue
856,1598,660,920,860,large,cornflowerblue
857,1625,536,784,700,medium,lightsteelblue
858,1685,647,840,812,medium,lightsteelblue
859,1685,776,1025,908,xl,royalblue
860,1623,563,794,733,medium,lightsteelblue
861,1674,675,945,904,large,cornflowerblue
862,1653,604,890,814,large,cornflowerblue
863,1587,542,957,872,large,cornflowerblue
864,1595,664,1008,980,xl,royalblue
865,1563,744,998,1046,xl,royalblue
866,1674,621,909,841,large,cornflowerblue
867,1439,585,982,824,xl,royalblue
868,1718,810,1018,955,xl,royalblue
869,1589,511,796,717,medium,lightsteelblue
870,1645,717,1112,964,xxl,blue
871,1677,607,913,758,large,cornflowerblue
872,1552,591,884,829,large,cornflowerblue
873,1523,636,1073,999,xxl,blue
874,1612,715,1012,941,xl,royalblue
875,1642,574,917,776,large,cornflowerblue
876,1732,716,979,822,xl,royalblue
877,1600,540,877,752,large,cornflowerblue
878,1409,426,824,716,medium,lightsteelblue
879,1620,585,889,759,large,cornflowerblue
880,1746,828,960,898,large,cornflowerblue
881,1688,740,983,852,xl,royalblue
882,1606,765,976,920,xl,royalblue
883,1658,852,1029,1047,xl,royalblue
884,1590,671,915,904,large,cornflowerblue
885,1781,760,922,875,large,cornflowerblue
886,1690,695,992,850,xl,royalblue
887,1654,754,1015,987,xl,royalblue
888,1583,663,945,870,large,cornflowerblue
889,1523,480,843,743,medium,lightsteelblue
890,1685,830,1096,910,xxl,blue
891,1672,756,974,964,xl,royalblue
892,1641,784,1032,934,xl,royalblue
893,1644,594,882,780,large,cornflowerblue
894,1597,766,1013,951,xl,royalblue
895,1732,678,899,795,large,cornflowerblue
896,1529,517,847,815,medium,lightsteelblue
897,1620,662,953,848,large,cornflowerblue
898,1643,665,993,797,large,cornflowerblue
899,1556,613,897,927,large,cornflowerblue
900,1630,729,1015,986,xl,royalblue
901,1614,701,924,884,large,cornflowerblue
902,1464,426,737,673,medium,lightsteelblue
903,1749,729,962,810,large,cornflowerblue
904,1618,761,998,933,xl,royalblue
905,1631,719,937,995,large,cornflowerblue
906,1704,794,1004,966,xl,royalblue
907,1669,705,924,874,large,cornflowerblue
908,1586,727,1023,1013,xl,royalblue
909,1602,609,887,735,large,cornflowerblue
910,1620,800,950,1072,large,cornflowerblue
911,1575,625,917,834,large,cornflowerblue
912,1513,768,1052,1065,xl,royalblue
913,1573,578,868,818,large,cornflowerblue
914,1649,639,861,828,large,cornflowerblue
915,1657,749,980,945,xl,royalblue
916,1538,650,945,900,large,cornflowerblue
917,1684,633,857,831,medium,lightsteelblue
918,1550,526,885,822,large,cornflowerblue
919,1630,766,994,1021,xl,royalblue
920,1693,934,1202,1157,xxxl,midnightblue
921,1557,667,982,861,xl,royalblue
922,1627,622,882,765,large,cornflowerblue
923,1666,942,1208,1085,xxxl,midnightblue
924,1599,641,930,880,large,cornflowerblue
925,1547,692,985,1012,xl,royalblue
926,1636,646,922,831,large,cornflowerblue
927,1547,525,889,797,large,cornflowerblue
928,1629,490,792,762,medium,lightsteelblue
929,1560,749,997,922,xl,royalblue
930,1751,852,1051,1035,xl,royalblue
931,1625,772,908,1012,large,cornflowerblue
932,1573,643,964,864,large,cornflowerblue
933,1599,722,980,962,xl,royalblue
934,1547,693,972,914,xl,royalblue
935,1735,737,921,862,large,cornflowerblue
936,1670,725,1003,957,xl,royalblue
937,1678,816,1035,897,xl,royalblue
938,1604,570,863,812,large,cornflowerblue
939,1631,660,939,865,large,cornflowerblue
940,1684,804,980,1054,xl,royalblue
941,1715,852,1030,973,xl,royalblue
942,1635,662,1035,947,xl,royalblue
943,1666,706,933,902,large,cornflowerblue
944,1705,577,860,782,medium,lightsteelblue
945,1629,526,873,755,large,cornflowerblue
946,1718,808,976,990,xl,royalblue
947,1626,834,1003,972,xl,royalblue
948,1616,750,951,922,large,cornflowerblue
949,1602,619,924,895,large,cornflowerblue
950,1667,675,966,885,large,cornflowerblue
951,1645,702,1022,910,xl,royalblue
952,1670,659,947,827,large,cornflowerblue
953,1621,712,941,840,large,cornflowerblue
954,1721,1028,1066,1032,xl,royalblue
955,1606,759,1091,903,xxl,blue
956,1567,659,953,875,large,cornflowerblue
957,1720,644,904,790,large,cornflowerblue
958,1639,689,900,875,large,cornflowerblue
959,1730,863,1013,983,xl,royalblue
960,1682,949,1147,1139,xxl,blue
961,1720,630,874,792,large,cornflowerblue
962,1783,1069,1214,1133,xxxl,midnightblue
963,1641,639,893,881,large,cornflowerblue
964,1568,683,902,907,large,cornflowerblue
965,1640,630,940,850,large,cornflowerblue
966,1556,718,989,945,xl,royalblue
967,1647,874,1033,1069,xl,royalblue
968,1630,752,995,920,xl,royalblue
969,1587,852,1154,1095,xxl,blue
970,1627,827,1172,1039,xxl,blue
971,1638,559,870,765,large,cornflowerblue
972,1644,821,1110,1042,xxl,blue
973,1603,663,982,880,xl,royalblue
974,1713,638,897,811,large,cornflowerblue
975,1721,799,966,987,large,cornflowerblue
976,1573,589,838,793,medium,lightsteelblue
977,1619,761,996,918,xl,royalblue
978,1524,672,1006,1040,xl,royalblue
979,1605,541,882,803,large,cornflowerblue
980,1617,697,1035,838,xl,royalblue
981,1601,616,895,878,large,cornflowerblue
982,1703,852,1053,1040,xl,royalblue
983,1574,582,882,785,large,cornflowerblue
984,1596,742,1036,943,xl,royalblue
985,1602,609,876,800,large,cornflowerblue
986,1599,690,964,916,large,cornflowerblue
987,1632,675,935,961,large,cornflowerblue
988,1660,886,1098,1065,xxl,blue
989,1568,652,924,847,large,cornflowerblue
990,1639,826,1032,1020,xl,royalblue
991,1591,556,923,790,large,cornflowerblue
992,1628,719,934,887,large,cornflowerblue
993,1615,822,1077,975,xxl,blue
994,1680,965,1098,1100,xxl,blue
995,1590,624,907,896,large,cornflowerblue
996,1563,435,726,660,medium,lightsteelblue
997,1641,753,1090,1021,xxl,blue
998,1710,553,836,790,medium,lightsteelblue
999,1566,578,901,816,large,cornflowerblue
1000,1573,713,1023,966,xl,royalblue
1001,1669,776,980,966,xl,royalblue
1002,1607,655,976,809,large,cornflowerblue
1003,1633,578,922,787,large,cornflowerblue
1004,1699,843,1126,907,xxl,blue
1005,1638,670,892,877,large,cornflowerblue
1006,1634,764,1000,878,xl,royalblue
1007,1660,663,864,734,large,cornflowerblue
1008,1604,671,880,861,large,cornflowerblue
1009,1693,706,980,885,xl,royalblue
1010,1595,636,936,820,large,cornflowerblue
1011,1694,646,882,796,large,cornflowerblue
1012,1626,658,934,835,large,cornflowerblue
1013,1613,789,1021,922,xl,royalblue
1014,1614,585,887,769,large,cornflowerblue
1015,1630,589,900,812,large,cornflowerblue
1016,1716,785,1035,973,xl,royalblue
1017,1510,676,1013,952,xl,royalblue
1018,1639,862,1100,1113,xxl,blue
1019,1576,605,981,907,xl,royalblue
1020,1677,950,1095,1068,xxl,blue
1021,1669,649,985,843,xl,royalblue
1022,1592,616,884,755,large,cornflowerblue
1023,1606,715,1030,910,xl,royalblue
1024,1597,765,1012,943,xl,royalblue
1025,1610,652,890,819,large,cornflowerblue
1026,1811,773,878,905,large,cornflowerblue
1027,1639,734,1028,1018,xl,royalblue
1028,1635,549,825,757,medium,lightsteelblue
1029,1751,802,1041,893,xl,royalblue
1030,1626,695,1023,849,xl,royalblue
1031,1688,647,949,768,large,cornflowerblue
1032,1588,657,914,850,large,cornflowerblue
1033,1635,871,1111,1090,xxl,blue
1034,1624,580,855,835,medium,lightsteelblue
1035,1634,796,1015,946,xl,royalblue
1036,1749,761,929,852,large,cornflowerblue
1037,1646,576,925,741,large,cornflowerblue
1038,1600,870,1129,1060,xxl,blue
1039,1600,766,1008,1017,xl,royalblue
1040,1517,548,845,782,medium,lightsteelblue
1041,1659,826,1039,1030,xl,royalblue
1042,1718,651,902,853,large,cornflowerblue
1043,1533,570,948,881,large,cornflowerblue
1044,1592,719,1051,948,xl,royalblue
1045,1636,726,1003,846,xl,royalblue
1046,1648,716,882,875,large,cornflowerblue
1047,1669,832,1056,982,xl,royalblue
1048,1655,604,965,791,large,cornflowerblue
1049,1770,764,932,844,large,cornflowerblue
1050,1752,934,1051,1028,xl,royalblue
1051,1741,573,850,768,medium,lightsteelblue
1052,1608,582,830,775,medium,lightsteelblue
1053,1636,553,889,718,medium,lightsteelblue
1054,1555,698,1005,871,xl,royalblue
1055,1573,640,925,840,large,cornflowerblue
1056,1623,590,844,719,medium,lightsteelblue
1057,1534,604,900,811,large,cornflowerblue
1058,1543,666,954,920,large,cornflowerblue
1059,1744,670,925,812,large,cornflowerblue
1060,1623,633,902,814,large,cornflowerblue
1061,1587,618,947,818,large,cornflowerblue
1062,1563,645,944,844,large,cornflowerblue
1063,1655,582,899,787,large,cornflowerblue
1064,1612,796,1033,948,xl,royalblue
1065,1636,609,900,834,large,cornflowerblue
1066,1709,823,996,972,xl,royalblue
1067,1547,567,906,763,large,cornflowerblue
1068,1657,510,896,710,medium,lightsteelblue
1069,1695,601,876,805,large,cornflowerblue
1070,1720,716,955,843,large,cornflowerblue
1071,1587,681,912,866,large,cornflowerblue
1072,1676,940,1160,981,xxl,blue
1073,1726,686,844,840,medium,lightsteelblue
1074,1616,671,948,866,large,cornflowerblue
1075,1747,689,928,745,large,cornflowerblue
1076,1705,786,1042,930,xl,royalblue
1077,1685,704,906,824,large,cornflowerblue
1078,1594,504,776,669,medium,lightsteelblue
1079,1687,598,872,769,large,cornflowerblue
1080,1700,760,1005,877,xl,royalblue
1081,1658,780,1055,970,xl,royalblue
1082,1562,712,1006,880,xl,royalblue
1083,1658,665,953,870,large,cornflowerblue
1084,1688,735,935,900,large,cornflowerblue
1085,1524,544,895,752,large,cornflowerblue
1086,1611,678,992,805,large,cornflowerblue
1087,1627,648,900,842,large,cornflowerblue
1088,1614,663,953,917,large,cornflowerblue
1089,1598,779,971,853,xl,royalblue
1090,1643,702,990,953,xl,royalblue
1091,1611,592,873,816,large,cornflowerblue
1092,1520,563,852,778,medium,lightsteelblue
1093,1697,927,1039,963,xl,royalblue
1094,1640,801,992,931,xl,royalblue
1095,1672,772,970,889,large,cornflowerblue
1096,1662,704,936,805,large,cornflowerblue
1097,1601,590,882,776,large,cornflowerblue
1098,1580,640,978,795,large,cornflowerblue
1099,1676,842,997,936,xl,royalblue
1100,1536,546,822,702,medium,lightsteelblue
1101,1561,715,932,918,large,cornflowerblue
1102,1475,575,903,828,large,cornflowerblue
1103,1532,522,798,698,medium,lightsteelblue
1104,1646,725,957,839,large,cornflowerblue
1105,1657,517,854,774,medium,lightsteelblue
1106,1648,631,896,828,large,cornflowerblue
1107,1586,537,804,722,medium,lightsteelblue
1108,1609,597,900,805,large,cornflowerblue
1109,1562,607,944,821,large,cornflowerblue
1110,1507,577,875,797,large,cornflowerblue
1111,1468,499,881,764,large,cornflowerblue
1112,1636,687,926,847,large,cornflowerblue
1113,1585,680,1021,863,xl,royalblue
1114,1607,632,919,868,large,cornflowerblue
1115,1657,776,989,907,xl,royalblue
1116,1606,638,961,883,large,cornflowerblue
1117,1705,783,994,946,xl,royalblue
1118,1605,602,836,735,medium,lightsteelblue
1119,1666,771,944,952,large,cornflowerblue
1120,1635,617,896,833,large,cornflowerblue
1121,1498,462,841,737,medium,lightsteelblue
1122,1619,591,863,715,medium,lightsteelblue
1123,1559,574,870,808,large,cornflowerblue
1124,1639,621,902,758,large,cornflowerblue
1125,1574,618,914,883,large,cornflowerblue
1126,1530,518,824,789,medium,lightsteelblue
1127,1552,631,881,812,large,cornflowerblue
1128,1572,653,929,838,large,cornflowerblue
1129,1670,646,900,770,large,cornflowerblue
1130,1574,569,807,707,medium,lightsteelblue
1131,1636,661,950,798,large,cornflowerblue
1132,1575,598,892,856,large,cornflowerblue
1133,1676,533,852,716,medium,lightsteelblue
1134,1705,755,1071,940,xxl,blue
1135,1603,702,987,907,xl,royalblue
1136,1593,655,961,832,large,cornflowerblue
1137,1611,644,912,836,large,cornflowerblue
1138,1673,680,947,840,large,cornflowerblue
1139,1689,715,893,790,large,cornflowerblue
1140,1529,499,837,733,medium,lightsteelblue
1141,1602,523,882,700,medium,lightsteelblue
1142,1764,740,1057,805,large,cornflowerblue
1143,1648,750,956,937,large,cornflowerblue
1144,1587,604,976,867,xl,royalblue
1145,1492,430,808,641,small,slategrey
1146,1567,750,1082,951,xxl,blue
1147,1563,716,1002,845,xl,royalblue
1148,1663,723,966,876,large,cornflowerblue
1149,1617,765,1030,951,xl,royalblue
1150,1683,660,904,790,large,cornflowerblue
1151,1636,600,914,752,large,cornflowerblue
1152,1628,695,933,807,large,cornflowerblue
1153,1536,637,917,852,large,cornflowerblue
1154,1530,602,874,880,large,cornflowerblue
1155,1678,815,1022,913,xl,royalblue
1156,1682,773,956,885,large,cornflowerblue
1157,1585,537,850,742,medium,lightsteelblue
1158,1588,672,912,826,large,cornflowerblue
1159,1718,698,895,820,large,cornflowerblue
1160,1655,809,1021,1010,xl,royalblue
1161,1705,722,893,820,large,cornflowerblue
1162,1608,630,976,792,large,cornflowerblue
1163,1607,654,886,766,large,cornflowerblue
1164,1490,484,847,728,medium,lightsteelblue
1165,1563,653,956,895,large,cornflowerblue
1166,1677,669,824,811,medium,lightsteelblue
1167,1615,668,945,856,large,cornflowerblue
1168,1570,672,907,772,large,cornflowerblue
1169,1563,597,887,826,large,cornflowerblue
1170,1627,658,929,844,large,cornflowerblue
1171,1743,657,863,756,large,cornflowerblue
1172,1635,681,917,893,large,cornflowerblue
1173,1699,894,1070,1059,xl,royalblue
1174,1503,643,883,781,large,cornflowerblue
1175,1637,857,1103,932,xxl,blue
1176,1544,560,854,746,medium,lightsteelblue
1177,1493,613,908,801,large,cornflowerblue
1178,1645,662,913,928,large,cornflowerblue
1179,1707,719,923,806,large,cornflowerblue
1180,1611,586,889,749,large,cornflowerblue
1181,1543,576,845,767,medium,lightsteelblue
1182,1604,560,874,748,large,cornflowerblue
1183,1588,616,851,798,medium,lightsteelblue
1184,1543,533,811,722,medium,lightsteelblue
1185,1630,678,998,888,xl,royalblue
1186,1674,776,974,784,large,cornflowerblue
1187,1560,658,935,778,large,cornflowerblue
1188,1620,666,1001,930,xl,royalblue
1189,1613,549,790,740,medium,lightsteelblue
1190,1541,539,854,818,medium,lightsteelblue
1191,1595,814,1056,1026,xl,royalblue
1192,1600,611,923,796,large,cornflowerblue
1193,1690,777,942,865,large,cornflowerblue
1194,1612,725,930,892,large,cornflowerblue
1195,1559,664,945,891,large,cornflowerblue
1196,1678,806,1037,985,xl,royalblue
1197,1608,522,836,767,medium,lightsteelblue
1198,1559,478,790,698,medium,lightsteelblue
1199,1683,845,1040,1031,xl,royalblue
1200,1586,685,985,869,xl,royalblue
1201,1646,646,932,853,large,cornflowerblue
1202,1656,679,908,788,large,cornflowerblue
1203,1515,509,820,755,medium,lightsteelblue
1204,1754,745,953,868,large,cornflowerblue
1205,1699,670,934,773,large,cornflowerblue
1206,1573,573,969,847,large,cornflowerblue
1207,1657,597,841,799,medium,lightsteelblue
1208,1655,665,998,895,xl,royalblue
1209,1502,505,826,740,medium,lightsteelblue
1210,1653,749,953,927,large,cornflowerblue
1211,1633,756,1001,905,xl,royalblue
1212,1585,634,956,837,large,cornflowerblue
1213,1632,768,975,896,xl,royalblue
1214,1616,804,1019,968,xl,royalblue
1215,1670,762,971,941,xl,royalblue
1216,1632,526,890,698,medium,lightsteelblue
1217,1648,653,834,785,medium,lightsteelblue
1218,1576,726,1046,928,xl,royalblue
1219,1606,557,920,783,large,cornflowerblue
1220,1652,599,869,772,large,cornflowerblue
1221,1625,759,1003,970,xl,royalblue
1222,1598,607,955,880,large,cornflowerblue
1223,1618,669,1068,946,xl,royalblue
1224,1674,697,988,915,xl,royalblue
1225,1563,614,912,855,large,cornflowerblue
1226,1728,742,1027,881,xl,royalblue
1227,1590,671,995,855,xl,royalblue
1228,1636,577,834,825,medium,lightsteelblue
1229,1655,803,972,939,xl,royalblue
1230,1707,634,928,837,large,cornflowerblue
1231,1676,681,891,822,large,cornflowerblue
1232,1633,734,998,895,xl,royalblue
1233,1607,672,983,803,large,cornflowerblue
1234,1618,662,919,911,large,cornflowerblue
1235,1708,703,916,822,large,cornflowerblue
1236,1735,709,920,790,large,cornflowerblue
1237,1715,586,855,700,medium,lightsteelblue
1238,1570,493,923,727,large,cornflowerblue
1239,1642,733,988,849,xl,royalblue
1240,1788,996,1098,1174,xxl,blue
1241,1600,648,913,837,large,cornflowerblue
1242,1675,729,936,835,large,cornflowerblue
1243,1634,902,1093,1114,xxl,blue
1244,1576,754,1037,960,xl,royalblue
1245,1599,654,903,814,large,cornflowerblue
1246,1598,708,883,824,large,cornflowerblue
1247,1548,647,986,889,xl,royalblue
1248,1607,631,920,790,large,cornflowerblue
1249,1686,666,904,775,large,cornflowerblue
1250,1640,667,865,827,large,cornflowerblue
1251,1563,497,864,707,medium,lightsteelblue
1252,1591,558,848,788,medium,lightsteelblue
1253,1678,921,1097,982,xxl,blue
1254,1670,695,937,804,large,cornflowerblue
1255,1529,563,947,847,large,cornflowerblue
1256,1616,603,860,757,medium,lightsteelblue
1257,1620,647,959,860,large,cornflowerblue
1258,1510,642,945,827,large,cornflowerblue
1259,1626,701,1022,852,xl,royalblue
1260,1600,583,859,815,medium,lightsteelblue
1261,1679,843,1076,966,xxl,blue
1262,1600,696,1055,928,xl,royalblue
1263,1618,735,1072,906,xxl,blue
1264,1629,470,863,729,large,cornflowerblue
1265,1651,608,901,775,large,cornflowerblue
1266,1596,515,791,742,medium,lightsteelblue
1267,1654,717,983,882,xl,royalblue
1268,1776,889,1035,995,xl,royalblue
1269,1546,532,845,705,medium,lightsteelblue
1270,1676,747,990,876,xl,royalblue
1271,1585,622,924,775,large,cornflowerblue
1272,1594,574,899,733,large,cornflowerblue
1273,1629,565,870,781,large,cornflowerblue
1274,1581,646,972,840,xl,royalblue
1275,1614,529,855,751,medium,lightsteelblue
1276,1559,648,947,834,large,cornflowerblue
1277,1697,751,967,878,large,cornflowerblue
1278,1674,740,1026,879,xl,royalblue
1279,1692,758,1018,974,xl,royalblue
1280,1615,554,849,760,medium,lightsteelblue
1281,1762,852,1045,964,xl,royalblue
1282,1573,814,986,1025,xl,royalblue
1283,1674,824,1064,966,xl,royalblue
1284,1531,503,874,761,large,cornflowerblue
1285,1505,607,964,905,large,cornflowerblue
1286,1700,692,858,851,medium,lightsteelblue
1287,1539,640,992,903,xl,royalblue
1288,1620,650,885,820,large,cornflowerblue
1289,1712,580,828,719,medium,lightsteelblue
1290,1554,601,927,810,large,cornflowerblue
1291,1598,601,821,728,medium,lightsteelblue
1292,1612,664,968,845,large,cornflowerblue
1293,1707,703,857,806,medium,lightsteelblue
1294,1611,616,922,764,large,cornflowerblue
1295,1599,654,967,854,large,cornflowerblue
1296,1569,589,848,747,medium,lightsteelblue
1297,1663,524,864,656,medium,lightsteelblue
1298,1666,706,962,886,large,cornflowerblue
1299,1659,676,837,801,medium,lightsteelblue
1300,1543,623,965,895,large,cornflowerblue
1301,1571,628,931,916,large,cornflowerblue
1302,1618,503,795,681,medium,lightsteelblue
1303,1610,599,910,790,large,cornflowerblue
1304,1512,508,786,680,medium,lightsteelblue
1305,1555,520,785,725,medium,lightsteelblue
1306,1729,831,1050,942,xl,royalblue
1307,1593,622,964,838,large,cornflowerblue
1308,1609,706,973,883,xl,royalblue
1309,1648,667,917,907,large,cornflowerblue
1310,1631,730,953,878,large,cornflowerblue
1311,1712,842,1032,980,xl,royalblue
1312,1541,549,799,794,medium,lightsteelblue
1313,1663,609,864,754,large,cornflowerblue
1314,1614,670,990,844,xl,royalblue
1315,1598,711,1006,860,xl,royalblue
1316,1617,655,951,865,large,cornflowerblue
1317,1658,771,999,900,xl,royalblue
1318,1642,668,935,769,large,cornflowerblue
1319,1698,707,905,863,large,cornflowerblue
1320,1648,757,1045,936,xl,royalblue
1321,1756,857,990,866,xl,royalblue
1322,1651,678,922,842,large,cornflowerblue
1323,1634,630,893,819,large,cornflowerblue
1324,1709,745,882,794,large,cornflowerblue
1325,1686,564,828,746,medium,lightsteelblue
1326,1645,721,1009,878,xl,royalblue
1327,1565,646,925,835,large,cornflowerblue
1328,1537,444,805,690,medium,lightsteelblue
1329,1511,591,918,800,large,cornflowerblue
1330,1649,696,941,848,large,cornflowerblue
1331,1458,445,808,694,medium,lightsteelblue
1332,1759,726,893,765,large,cornflowerblue
1333,1558,707,904,885,large,cornflowerblue
1334,1688,643,937,797,large,cornflowerblue
1335,1581,654,869,831,large,cornflowerblue
1336,1583,626,902,840,large,cornflowerblue
1337,1643,736,926,871,large,cornflowerblue
1338,1752,853,1031,955,xl,royalblue
1339,1600,750,948,936,large,cornflowerblue
1340,1618,797,1086,905,xxl,blue
1341,1710,837,1053,1005,xl,royalblue
1342,1585,590,838,756,medium,lightsteelblue
1343,1595,512,840,719,medium,lightsteelblue
1344,1614,621,945,794,large,cornflowerblue
1345,1663,810,1058,967,xl,royalblue
1346,1617,614,915,846,large,cornflowerblue
1347,1596,544,853,738,medium,lightsteelblue
1348,1602,603,875,790,large,cornflowerblue
1349,1694,792,1021,926,xl,royalblue
1350,1510,618,1015,853,xl,royalblue
1351,1534,603,995,886,xl,royalblue
1352,1634,885,1127,970,xxl,blue
1353,1679,842,1038,1000,xl,royalblue
1354,1618,798,1011,956,xl,royalblue
1355,1658,634,908,840,large,cornflowerblue
1356,1643,561,870,749,large,cornflowerblue
1357,1652,774,992,905,xl,royalblue
1358,1615,730,988,847,xl,royalblue
1359,1674,850,1022,933,xl,royalblue
1360,1527,643,995,883,xl,royalblue
1361,1518,505,877,710,medium,lightsteelblue
1362,1653,729,840,825,medium,lightsteelblue
1363,1659,835,1035,866,xl,royalblue
1364,1570,463,807,668,medium,lightsteelblue
1365,1570,802,1063,1121,xl,royalblue
1366,1653,951,1153,1121,xxl,blue
1367,1712,582,815,680,medium,lightsteelblue
1368,1519,703,999,863,xl,royalblue
1369,1702,1019,1145,1127,xxl,blue
1370,1627,645,915,801,large,cornflowerblue
1371,1516,721,1065,942,xl,royalblue
1372,1583,661,1032,900,xl,royalblue
1373,1647,589,896,775,large,cornflowerblue
1374,1594,528,837,702,medium,lightsteelblue
1375,1617,623,913,783,large,cornflowerblue
1376,1674,896,1188,1032,xxxl,midnightblue
1377,1605,833,1030,981,xl,royalblue
1378,1649,916,1139,1090,xxl,blue
1379,1603,677,869,780,large,cornflowerblue
1380,1620,535,773,726,medium,lightsteelblue
1381,1584,712,1052,908,xl,royalblue
1382,1579,527,860,725,medium,lightsteelblue
1383,1608,721,1045,933,xl,royalblue
1384,1656,589,932,781,large,cornflowerblue
1385,1639,731,953,867,large,cornflowerblue
1386,1630,620,854,771,medium,lightsteelblue
1387,1615,695,1033,991,xl,royalblue
1388,1584,620,939,850,large,cornflowerblue
1389,1664,669,954,814,large,cornflowerblue
1390,1545,543,893,830,large,cornflowerblue
1391,1688,648,867,862,large,cornflowerblue
1392,1673,625,842,701,medium,lightsteelblue
1393,1647,643,866,807,large,cornflowerblue
1394,1637,736,957,957,large,cornflowerblue
1395,1787,824,1036,922,xl,royalblue
1396,1503,701,992,895,xl,royalblue
1397,1562,699,1040,940,xl,royalblue
1398,1558,754,1021,912,xl,royalblue
1399,1576,647,946,818,large,cornflowerblue
1400,1628,666,961,830,large,cornflowerblue
1401,1748,831,1100,944,xxl,blue
1402,1572,632,994,840,xl,royalblue
1403,1743,746,937,824,large,cornflowerblue
1404,1561,589,920,904,large,cornflowerblue
1405,1623,643,925,825,large,cornflowerblue
1406,1649,705,965,908,large,cornflowerblue
1407,1661,760,1074,901,xxl,blue
1408,1668,680,976,847,xl,royalblue
1409,1722,695,941,842,large,cornflowerblue
1410,1674,868,1045,1077,xl,royalblue
1411,1663,653,902,770,large,cornflowerblue
1412,1543,804,1001,856,xl,royalblue
1413,1561,673,935,763,large,cornflowerblue
1414,1587,516,802,682,medium,lightsteelblue
1415,1495,526,928,841,large,cornflowerblue
1416,1645,914,1129,1106,xxl,blue
1417,1653,919,1061,1045,xl,royalblue
1418,1685,757,1005,993,xl,royalblue
1419,1569,717,1048,1017,xl,royalblue
1420,1656,738,915,851,large,cornflowerblue
1421,1672,769,920,860,large,cornflowerblue
1422,1622,692,932,785,large,cornflowerblue
1423,1664,609,894,765,large,cornflowerblue
1424,1636,596,854,737,medium,lightsteelblue
1425,1666,740,1045,953,xl,royalblue
1426,1558,804,1056,973,xl,royalblue
1427,1674,934,1093,958,xxl,blue
1428,1534,568,952,812,large,cornflowerblue
1429,1630,626,847,923,medium,lightsteelblue
1430,1671,738,1005,878,xl,royalblue
1431,1789,808,968,816,large,cornflowerblue
1432,1553,624,852,831,medium,lightsteelblue
1433,1673,775,1010,903,xl,royalblue
1434,1598,631,902,824,large,cornflowerblue
1435,1798,875,990,972,xl,royalblue
1436,1641,650,888,800,large,cornflowerblue
1437,1718,650,848,772,medium,lightsteelblue
1438,1568,638,1001,925,xl,royalblue
1439,1652,642,923,840,large,cornflowerblue
1440,1676,698,954,829,large,cornflowerblue
1441,1595,831,1083,968,xxl,blue
1442,1697,962,1053,1095,xl,royalblue
1443,1703,930,1167,1050,xxl,blue
1444,1567,489,826,696,medium,lightsteelblue
1445,1554,536,818,760,medium,lightsteelblue
1446,1645,629,930,736,large,cornflowerblue
1447,1625,510,818,651,small,slategrey
1448,1560,654,966,837,large,cornflowerblue
1449,1501,588,946,798,large,cornflowerblue
1450,1617,650,931,880,large,cornflowerblue
1451,1660,679,913,790,large,cornflowerblue
1452,1635,719,1053,1045,xl,royalblue
1453,1621,920,984,1033,xl,royalblue
1454,1596,618,920,757,large,cornflowerblue
1455,1649,712,951,885,large,cornflowerblue
1456,1590,643,921,893,large,cornflowerblue
1457,1630,793,935,968,large,cornflowerblue
1458,1505,575,903,930,large,cornflowerblue
1459,1590,686,979,837,xl,royalblue
1460,1613,688,882,840,large,cornflowerblue
1461,1620,778,981,900,xl,royalblue
1462,1687,765,1053,955,xl,royalblue
1463,1613,590,887,796,large,cornflowerblue
1464,1648,626,964,833,large,cornflowerblue
1465,1820,908,1016,891,xl,royalblue
1466,1613,500,863,656,medium,lightsteelblue
1467,1719,688,978,808,large,cornflowerblue
1468,1543,567,926,803,large,cornflowerblue
1469,1674,622,913,807,large,cornflowerblue
1470,1662,707,981,865,xl,royalblue
1471,1612,685,945,876,large,cornflowerblue
1472,1605,571,836,723,medium,lightsteelblue
1473,1560,846,1112,1056,xxl,blue
1474,1664,618,814,711,medium,lightsteelblue
1475,1662,672,943,780,large,cornflowerblue
1476,1620,692,924,778,large,cornflowerblue
1477,1567,469,764,637,small,slategrey
1478,1689,674,873,790,large,cornflowerblue
1479,1576,529,845,718,medium,lightsteelblue
1480,1596,644,861,840,large,cornflowerblue
1481,1684,819,1023,1026,xl,royalblue
1482,1702,683,908,817,large,cornflowerblue
1483,1745,582,852,689,medium,lightsteelblue
1484,1599,532,861,764,large,cornflowerblue
1485,1628,703,985,858,xl,royalblue
1486,1651,807,1037,855,xl,royalblue
1487,1592,569,886,825,large,cornflowerblue
1488,1587,504,897,787,large,cornflowerblue
1489,1628,743,955,941,large,cornflowerblue
1490,1627,648,918,840,large,cornflowerblue
1491,1617,652,949,846,large,cornflowerblue
1492,1582,548,830,790,medium,lightsteelblue
1493,1537,561,897,776,large,cornflowerblue
1494,1629,663,916,823,large,cornflowerblue
1495,1640,577,900,725,large,cornflowerblue
1496,1675,790,934,908,large,cornflowerblue
1497,1592,671,996,908,xl,royalblue
1498,1633,691,1020,942,xl,royalblue
1499,1733,773,919,863,large,cornflowerblue
1500,1610,622,893,733,large,cornflowerblue
1501,1566,620,943,852,large,cornflowerblue
1502,1639,691,990,898,xl,royalblue
1503,1580,626,885,879,large,cornflowerblue
1504,1557,587,873,751,large,cornflowerblue
1505,1683,694,913,864,large,cornflowerblue
1506,1597,647,930,779,large,cornflowerblue
1507,1598,621,883,884,large,cornflowerblue
1508,1613,698,956,940,large,cornflowerblue
1509,1649,656,835,769,medium,lightsteelblue
1510,1672,602,847,757,medium,lightsteelblue
1511,1713,743,891,784,large,cornflowerblue
1512,1641,744,1032,991,xl,royalblue
1513,1612,633,928,788,large,cornflowerblue
1514,1596,621,892,807,large,cornflowerblue
1515,1442,467,821,720,medium,lightsteelblue
1516,1555,639,978,849,xl,royalblue
1517,1497,579,915,858,large,cornflowerblue
1518,1612,708,973,889,xl,royalblue
1519,1690,698,911,757,large,cornflowerblue
1520,1634,654,981,828,xl,royalblue
1521,1509,542,900,820,large,cornflowerblue
1522,1582,593,862,739,large,cornflowerblue
1523,1465,497,909,789,large,cornflowerblue
1524,1545,526,913,733,large,cornflowerblue
1525,1475,480,825,740,medium,lightsteelblue
1526,1633,557,951,808,large,cornflowerblue
1527,1631,724,976,967,xl,royalblue
1528,1626,661,945,909,large,cornflowerblue
1529,1533,794,1057,962,xl,royalblue
1530,1553,572,904,834,large,cornflowerblue
1531,1752,785,946,948,large,cornflowerblue
1532,1618,676,976,848,xl,royalblue
1533,1634,530,887,721,large,cornflowerblue
1534,1689,777,991,865,xl,royalblue
1535,1534,524,877,793,large,cornflowerblue
1536,1629,601,900,731,large,cornflowerblue
1537,1628,559,893,750,large,cornflowerblue
1538,1603,530,845,744,medium,lightsteelblue
1539,1547,578,880,780,large,cornflowerblue
1540,1585,644,1010,860,xl,royalblue
1541,1638,693,1016,900,xl,royalblue
1542,1754,849,1033,955,xl,royalblue
1543,1623,607,895,753,large,cornflowerblue
1544,1614,623,919,825,large,cornflowerblue
1545,1676,601,870,774,large,cornflowerblue
1546,1560,516,825,679,medium,lightsteelblue
1547,1637,505,792,716,medium,lightsteelblue
1548,1542,532,892,699,medium,lightsteelblue
1549,1536,566,904,814,large,cornflowerblue
1550,1613,732,945,853,large,cornflowerblue
1551,1595,576,908,783,large,cornflowerblue
1552,1659,807,1005,860,xl,royalblue
1553,1564,622,895,750,large,cornflowerblue
1554,1686,726,1014,960,xl,royalblue
1555,1678,711,978,873,xl,royalblue
1556,1573,572,975,923,xl,royalblue
1557,1589,623,889,791,large,cornflowerblue
1558,1621,602,884,771,large,cornflowerblue
1559,1679,805,1135,983,xxl,blue
1560,1598,561,914,787,large,cornflowerblue
1561,1713,520,766,657,small,slategrey
1562,1550,578,880,781,large,cornflowerblue
1563,1583,580,834,740,medium,lightsteelblue
1564,1540,612,834,819,medium,lightsteelblue
1565,1541,585,936,805,large,cornflowerblue
1566,1622,875,1052,1010,xl,royalblue
1567,1793,773,1015,905,xl,royalblue
1568,1713,755,1026,920,xl,royalblue
1569,1603,678,1043,924,xl,royalblue
1570,1711,888,1062,1003,xl,royalblue
1571,1641,665,921,780,large,cornflowerblue
1572,1494,580,963,1003,large,cornflowerblue
1573,1672,665,1029,863,xl,royalblue
1574,1616,649,884,856,large,cornflowerblue
1575,1585,673,983,902,xl,royalblue
1576,1612,744,1065,1010,xl,royalblue
1577,1663,576,869,759,large,cornflowerblue
1578,1656,735,1004,893,xl,royalblue
1579,1598,636,940,844,large,cornflowerblue
1580,1545,432,770,665,medium,lightsteelblue
1581,1634,747,1072,930,xxl,blue
1582,1704,669,971,807,large,cornflowerblue
1583,1664,826,1100,957,xxl,blue
1584,1522,578,873,868,large,cornflowerblue
1585,1646,637,907,782,large,cornflowerblue
1586,1557,758,1019,966,xl,royalblue
1587,1625,594,950,778,large,cornflowerblue
1588,1671,872,1143,980,xxl,blue
1589,1535,693,970,850,large,cornflowerblue
1590,1591,500,903,670,medium,lightsteelblue
1591,1567,567,916,745,large,cornflowerblue
1592,1540,589,868,826,large,cornflowerblue
1593,1573,640,987,860,xl,royalblue
1594,1637,683,942,797,large,cornflowerblue
1595,1604,566,908,706,medium,lightsteelblue
1596,1740,632,881,730,large,cornflowerblue
1597,1563,591,882,743,large,cornflowerblue
1598,1773,760,907,805,large,cornflowerblue
1599,1672,664,966,912,large,cornflowerblue
1600,1564,658,931,853,large,cornflowerblue
1601,1600,710,968,847,large,cornflowerblue
1602,1586,551,830,726,medium,lightsteelblue
1603,1566,593,883,795,large,cornflowerblue
1604,1683,661,959,837,large,cornflowerblue
1605,1613,658,910,816,large,cornflowerblue
1606,1572,634,940,814,large,cornflowerblue
1607,1584,480,869,693,medium,lightsteelblue
1608,1706,660,900,798,large,cornflowerblue
1609,1620,601,887,807,large,cornflowerblue
1610,1640,546,807,778,medium,lightsteelblue
1611,1711,1166,1266,1305,xxxl,midnightblue
1612,1641,793,1042,919,xl,royalblue
1613,1567,454,791,611,small,slategrey
1614,1629,499,814,698,medium,lightsteelblue
1615,1479,358,695,615,small,slategrey
1616,1663,700,912,859,large,cornflowerblue
1617,1749,770,934,887,large,cornflowerblue
1618,1592,649,984,911,xl,royalblue
1619,1591,550,887,733,large,cornflowerblue
1620,1710,875,1081,979,xxl,blue
1621,1684,768,1012,968,xl,royalblue
1622,1625,763,1018,941,xl,royalblue
1623,1666,650,935,732,large,cornflowerblue
1624,1576,555,896,760,large,cornflowerblue
1625,1685,755,1036,905,xl,royalblue
1626,1629,548,850,715,medium,lightsteelblue
1627,1637,705,926,878,large,cornflowerblue
1628,1597,548,888,788,large,cornflowerblue
1629,1676,763,967,903,large,cornflowerblue
1630,1672,784,1026,870,xl,royalblue
1631,1707,698,920,848,large,cornflowerblue
1632,1649,650,879,825,large,cornflowerblue
1633,1615,794,972,955,xl,royalblue
1634,1629,897,1157,1105,xxl,blue
1635,1615,525,850,785,medium,lightsteelblue
1636,1537,772,976,972,xl,royalblue
1637,1663,657,899,793,large,cornflowerblue
1638,1582,537,888,798,large,cornflowerblue
1639,1499,667,1010,955,xl,royalblue
1640,1771,833,1010,920,xl,royalblue
1641,1545,599,967,855,large,cornflowerblue
1642,1603,649,975,914,xl,royalblue
1643,1580,788,1066,938,xl,royalblue
1644,1608,752,1062,960,xl,royalblue
1645,1561,643,941,900,large,cornflowerblue
1646,1642,613,880,780,large,cornflowerblue
1647,1600,847,1027,935,xl,royalblue
1648,1591,687,953,890,large,cornflowerblue
1649,1697,697,997,821,xl,royalblue
1650,1691,602,870,793,large,cornflowerblue
1651,1563,631,956,775,large,cornflowerblue
1652,1598,952,1152,1034,xxl,blue
1653,1631,513,795,664,medium,lightsteelblue
1654,1648,694,937,907,large,cornflowerblue
1655,1496,509,826,768,medium,lightsteelblue
1656,1522,520,878,672,medium,lightsteelblue
1657,1769,889,1047,965,xl,royalblue
1658,1761,785,900,784,large,cornflowerblue
1659,1618,678,976,903,xl,royalblue
1660,1612,644,912,841,large,cornflowerblue
1661,1653,657,940,870,large,cornflowerblue
1662,1598,661,955,852,large,cornflowerblue
1663,1770,925,1130,993,xxl,blue
1664,1566,611,1001,866,xl,royalblue
1665,1668,611,961,757,large,cornflowerblue
1666,1614,797,973,907,xl,royalblue
1667,1673,682,1021,853,xl,royalblue
1668,1588,489,840,779,medium,lightsteelblue
1669,1534,669,1053,926,xl,royalblue
1670,1490,617,888,825,large,cornflowerblue
1671,1611,706,955,938,large,cornflowerblue
1672,1599,611,909,755,large,cornflowerblue
1673,1645,662,1001,867,xl,royalblue
1674,1571,532,910,784,large,cornflowerblue
1675,1657,616,933,753,large,cornflowerblue
1676,1641,737,974,914,xl,royalblue
1677,1710,657,947,826,large,cornflowerblue
1678,1674,671,986,875,xl,royalblue
1679,1561,831,1180,1095,xxl,blue
1680,1664,866,1100,1076,xxl,blue
1681,1743,1054,1101,1087,xxl,blue
1682,1681,920,1080,1011,xxl,blue
1683,1498,617,913,931,large,cornflowerblue
1684,1595,772,1026,888,xl,royalblue
1685,1771,777,1047,971,xl,royalblue
1686,1585,802,1113,1015,xxl,blue
1687,1819,953,1080,995,xxl,blue
1688,1683,870,1094,1067,xxl,blue
1689,1686,730,974,853,xl,royalblue
1690,1703,877,1096,937,xxl,blue
1691,1707,823,976,967,xl,royalblue
1692,1678,831,1078,1112,xxl,blue
1693,1646,599,886,700,medium,lightsteelblue
1694,1676,725,962,907,large,cornflowerblue
1695,1703,630,872,810,large,cornflowerblue
1696,1609,623,901,900,large,cornflowerblue
1697,1636,821,1100,935,xxl,blue
1698,1625,624,910,858,large,cornflowerblue
1699,1615,567,883,790,large,cornflowerblue
1700,1603,675,1060,960,xl,royalblue
1701,1641,623,846,778,medium,lightsteelblue
1702,1697,644,920,791,large,cornflowerblue
1703,1571,626,926,838,large,cornflowerblue
1704,1548,713,946,845,large,cornflowerblue
1705,1633,630,899,799,large,cornflowerblue
1706,1667,820,1032,922,xl,royalblue
1707,1584,762,1043,956,xl,royalblue
1708,1642,697,929,843,large,cornflowerblue
1709,1736,910,1098,1064,xxl,blue
1710,1671,801,965,957,large,cornflowerblue
1711,1595,683,912,820,large,cornflowerblue
1712,1716,769,964,875,large,cornflowerblue
1713,1574,601,879,768,large,cornflowerblue
1714,1610,821,1054,1073,xl,royalblue
1715,1643,842,947,913,large,cornflowerblue
1716,1697,791,992,959,xl,royalblue
1717,1501,575,941,840,large,cornflowerblue
1718,1632,568,884,787,large,cornflowerblue
1719,1654,720,1015,893,xl,royalblue
1720,1571,521,787,706,medium,lightsteelblue
1721,1596,689,1031,850,xl,royalblue
1722,1589,652,881,796,large,cornflowerblue
1723,1650,827,1131,1010,xxl,blue
1724,1611,662,927,910,large,cornflowerblue
1725,1632,715,971,1013,xl,royalblue
1726,1729,973,1220,1046,xxxl,midnightblue
1727,1533,450,800,650,small,slategrey
1728,1611,504,793,720,medium,lightsteelblue
1729,1650,577,848,747,medium,lightsteelblue
1730,1473,562,932,867,large,cornflowerblue
1731,1700,728,941,810,large,cornflowerblue
1732,1692,722,940,807,large,cornflowerblue
1733,1611,560,826,738,medium,lightsteelblue
1734,1734,824,990,920,xl,royalblue
1735,1692,825,1047,918,xl,royalblue
1736,1647,995,1071,1093,xxl,blue
1737,1599,988,1222,1140,xxxl,midnightblue
1738,1614,815,1102,1017,xxl,blue
1739,1549,723,950,945,large,cornflowerblue
1740,1634,736,957,868,large,cornflowerblue
1741,1760,698,951,805,large,cornflowerblue
1742,1683,766,1026,944,xl,royalblue
1743,1618,651,900,814,large,cornflowerblue
1744,1565,518,800,735,medium,lightsteelblue
1745,1592,549,868,814,large,cornflowerblue
1746,1636,576,862,787,large,cornflowerblue
1747,1538,583,914,808,large,cornflowerblue
1748,1648,670,883,822,large,cornflowerblue
1749,1645,631,936,801,large,cornflowerblue
1750,1623,627,880,842,large,cornflowerblue
1751,1611,676,941,844,large,cornflowerblue
1752,1602,534,872,747,large,cornflowerblue
1753,1670,748,1008,873,xl,royalblue
1754,1643,644,915,757,large,cornflowerblue
1755,1628,677,979,854,xl,royalblue
1756,1575,620,904,778,large,cornflowerblue
1757,1613,536,834,713,medium,lightsteelblue
1758,1598,599,868,771,large,cornflowerblue
1759,1610,644,898,857,large,cornflowerblue
1760,1597,536,822,739,medium,lightsteelblue
1761,1590,882,1086,972,xxl,blue
1762,1688,646,930,840,large,cornflowerblue
1763,1502,662,936,878,large,cornflowerblue
1764,1593,698,915,788,large,cornflowerblue
1765,1607,677,1036,895,xl,royalblue
1766,1625,586,881,740,large,cornflowerblue
1767,1525,526,886,767,large,cornflowerblue
1768,1563,564,894,797,large,cornflowerblue
1769,1734,765,923,840,large,cornflowerblue
1770,1734,871,996,947,xl,royalblue
1771,1728,682,920,812,large,cornflowerblue
1772,1661,629,893,856,large,cornflowerblue
1773,1703,568,872,733,large,cornflowerblue
1774,1702,680,971,857,xl,royalblue
1775,1772,669,911,782,large,cornflowerblue
1776,1626,712,928,918,large,cornflowerblue
1777,1661,781,999,875,xl,royalblue
1778,1549,675,966,835,large,cornflowerblue
1779,1634,663,938,795,large,cornflowerblue
1780,1661,793,1016,967,xl,royalblue
1781,1564,604,946,902,large,cornflowerblue
1782,1664,732,1075,902,xxl,blue
1783,1553,712,1044,986,xl,royalblue
1784,1700,722,909,840,large,cornflowerblue
1785,1542,610,926,827,large,cornflowerblue
1786,1743,817,987,975,xl,royalblue
1787,1623,799,980,905,xl,royalblue
1788,1590,602,845,770,medium,lightsteelblue
1789,1604,584,882,737,large,cornflowerblue
1790,1627,601,872,752,large,cornflowerblue
1791,1718,834,1014,918,xl,royalblue
1792,1705,973,1173,957,xxl,blue
1793,1561,557,857,686,medium,lightsteelblue
1794,1661,553,803,782,medium,lightsteelblue
1795,1620,526,841,700,medium,lightsteelblue
1796,1660,614,857,690,medium,lightsteelblue
1797,1697,894,1083,1034,xxl,blue
1798,1699,893,1066,990,xl,royalblue
1799,1740,702,901,800,large,cornflowerblue
1800,1701,738,1030,879,xl,royalblue
1801,1707,601,900,727,large,cornflowerblue
1802,1560,782,998,991,xl,royalblue
1803,1483,442,780,647,small,slategrey
1804,1587,476,802,678,medium,lightsteelblue
1805,1579,642,907,846,large,cornflowerblue
1806,1659,737,940,850,large,cornflowerblue
1807,1684,776,972,851,xl,royalblue
1808,1593,620,900,770,large,cornflowerblue
1809,1589,646,953,843,large,cornflowerblue
1810,1683,697,945,856,large,cornflowerblue
1811,1704,724,953,795,large,cornflowerblue
1812,1736,697,1022,883,xl,royalblue
1813,1633,620,927,768,large,cornflowerblue
1814,1724,884,1013,857,xl,royalblue
1815,1487,712,1001,982,xl,royalblue
1816,1560,684,1018,915,xl,royalblue
1817,1561,623,978,920,xl,royalblue
1818,1618,614,930,816,large,cornflowerblue
1819,1604,551,930,667,medium,lightsteelblue
1820,1658,1121,1141,1198,xxl,blue
1821,1658,749,970,882,large,cornflowerblue
1822,1591,709,956,870,large,cornflowerblue
1823,1638,588,872,780,large,cornflowerblue
1824,1751,876,1003,1016,xl,royalblue
1825,1587,597,857,753,medium,lightsteelblue
1826,1540,680,1044,937,xl,royalblue
1827,1576,707,1009,946,xl,royalblue
1828,1737,686,920,745,large,cornflowerblue
1829,1573,624,901,826,large,cornflowerblue
1830,1622,610,903,805,large,cornflowerblue
1831,1588,582,891,773,large,cornflowerblue
1832,1548,489,843,624,small,slategrey
1833,1662,696,938,865,large,cornflowerblue
1834,1718,795,976,895,xl,royalblue
1835,1519,600,885,805,large,cornflowerblue
1836,1573,640,950,826,large,cornflowerblue
1837,1566,712,932,883,large,cornflowerblue
1838,1529,475,820,696,medium,lightsteelblue
1839,1585,735,909,820,large,cornflowerblue
1840,1611,546,893,730,large,cornflowerblue
1841,1610,562,925,770,large,cornflowerblue
1842,1541,582,947,830,large,cornflowerblue
1843,1766,812,999,870,xl,royalblue
1844,1626,518,838,738,medium,lightsteelblue
1845,1644,523,852,706,medium,lightsteelblue
1846,1679,756,1023,865,xl,royalblue
1847,1743,674,912,812,large,cornflowerblue
1848,1658,552,825,670,medium,lightsteelblue
1849,1610,690,1031,900,xl,royalblue
1850,1675,636,893,840,large,cornflowerblue
1851,1637,641,951,784,large,cornflowerblue
1852,1628,701,934,933,large,cornflowerblue
1853,1645,793,1004,978,xl,royalblue
1854,1595,660,957,883,large,cornflowerblue
1855,1731,931,1117,1032,xxl,blue
1856,1567,661,960,912,large,cornflowerblue
1857,1628,510,780,672,medium,lightsteelblue
1858,1688,686,916,877,large,cornflowerblue
1859,1706,839,1063,932,xl,royalblue
1860,1543,652,893,840,large,cornflowerblue
1861,1665,920,1102,1032,xxl,blue
1862,1690,667,900,783,large,cornflowerblue
1863,1471,464,823,668,medium,lightsteelblue
1864,1616,627,943,882,large,cornflowerblue
1865,1753,593,901,727,large,cornflowerblue
1866,1626,508,795,698,medium,lightsteelblue
1867,1698,727,944,866,large,cornflowerblue
1868,1545,583,970,777,large,cornflowerblue
1869,1759,669,942,785,large,cornflowerblue
1870,1732,842,1041,1055,xl,royalblue
1871,1587,601,884,830,large,cornflowerblue
1872,1605,609,920,773,large,cornflowerblue
1873,1530,687,943,872,large,cornflowerblue
1874,1598,549,887,715,medium,lightsteelblue
1875,1524,452,826,674,medium,lightsteelblue
1876,1683,835,1055,1066,xl,royalblue
1877,1577,641,901,822,large,cornflowerblue
1878,1583,588,906,749,large,cornflowerblue
1879,1582,563,878,750,large,cornflowerblue
1880,1569,702,1016,895,xl,royalblue
1881,1651,779,1015,876,xl,royalblue
1882,1463,626,998,902,xl,royalblue
1883,1659,992,1198,1113,xxxl,midnightblue
1884,1596,626,883,784,large,cornflowerblue
1885,1600,713,1050,903,xl,royalblue
1886,1557,528,872,715,medium,lightsteelblue
1887,1565,552,896,783,large,cornflowerblue
1888,1525,622,962,827,large,cornflowerblue
1889,1613,612,863,860,large,cornflowerblue
1890,1674,529,814,727,medium,lightsteelblue
1891,1614,748,996,923,xl,royalblue
1892,1558,582,898,815,large,cornflowerblue
1893,1774,790,942,907,large,cornflowerblue
1894,1633,618,922,785,large,cornflowerblue
1895,1611,716,992,1004,xl,royalblue
1896,1768,692,958,858,large,cornflowerblue
1897,1578,635,973,850,xl,royalblue
1898,1619,704,917,901,large,cornflowerblue
1899,1681,668,946,890,large,cornflowerblue
1900,1613,535,841,728,medium,lightsteelblue
1901,1575,615,967,808,large,cornflowerblue
1902,1648,751,1018,918,xl,royalblue
1903,1590,546,867,690,medium,lightsteelblue
1904,1609,695,973,905,xl,royalblue
1905,1625,773,990,919,xl,royalblue
1906,1676,751,1012,960,xl,royalblue
1907,1623,700,1040,945,xl,royalblue
1908,1612,502,829,735,medium,lightsteelblue
1909,1720,717,984,866,xl,royalblue
1910,1567,644,910,935,large,cornflowerblue
1911,1770,1072,1203,1076,xxxl,midnightblue
1912,1668,940,1196,1176,xxxl,midnightblue
1913,1588,764,968,886,large,cornflowerblue
1914,1616,897,1140,1135,xxl,blue
1915,1593,777,1091,974,xxl,blue
1916,1572,497,870,721,large,cornflowerblue
1917,1674,662,913,837,large,cornflowerblue
1918,1652,696,1049,851,xl,royalblue
1919,1664,844,1071,996,xxl,blue
1920,1691,647,910,852,large,cornflowerblue
1921,1657,780,1019,935,xl,royalblue
1922,1704,773,965,927,large,cornflowerblue
1923,1654,734,952,921,large,cornflowerblue
1924,1578,695,982,937,xl,royalblue
1925,1645,707,1035,872,xl,royalblue
1926,1631,936,1142,1025,xxl,blue
1927,1561,857,1055,1106,xl,royalblue
1928,1516,573,914,767,large,cornflowerblue
1929,1749,676,930,823,large,cornflowerblue
1930,1715,855,1006,933,xl,royalblue
1931,1600,549,929,735,large,cornflowerblue
1932,1683,588,872,772,large,cornflowerblue
1933,1557,715,983,987,xl,royalblue
1934,1548,580,873,837,large,cornflowerblue
1935,1714,697,934,873,large,cornflowerblue
1936,1649,685,1006,803,large,cornflowerblue
1937,1528,586,907,804,large,cornflowerblue
1938,1596,842,1101,1055,xxl,blue
1939,1658,909,1068,901,xl,royalblue
1940,1701,1047,1168,1172,xxl,blue
1941,1683,663,896,791,large,cornflowerblue
1942,1634,766,1154,962,xxl,blue
1943,1695,715,941,745,large,cornflowerblue
1944,1548,591,898,801,large,cornflowerblue
1945,1587,665,952,955,large,cornflowerblue
1946,1549,676,991,1032,xl,royalblue
1947,1606,792,1091,1042,xxl,blue
1948,1508,652,1005,966,xl,royalblue
1949,1733,753,931,844,large,cornflowerblue
1950,1560,517,886,752,large,cornflowerblue
1951,1739,865,1060,954,xl,royalblue
1952,1629,732,952,857,large,cornflowerblue
1953,1609,741,923,840,large,cornflowerblue
1954,1740,906,1093,1090,xxl,blue
1955,1678,845,943,960,large,cornflowerblue
1956,1545,631,974,830,xl,royalblue
1957,1809,898,1113,1003,xxl,blue
1958,1764,970,1090,977,xxl,blue
1959,1606,663,940,855,large,cornflowerblue
1960,1567,594,952,863,large,cornflowerblue
1961,1594,657,1059,917,xl,royalblue
1962,1587,786,1125,919,xxl,blue
1963,1573,520,837,695,medium,lightsteelblue
1964,1624,641,920,792,large,cornflowerblue
1965,1635,798,1037,1014,xl,royalblue
1966,1580,740,1021,906,xl,royalblue
1967,1691,641,935,795,large,cornflowerblue
1968,1656,803,1072,1012,xxl,blue
1969,1615,714,1089,965,xxl,blue
1970,1749,924,973,869,xl,royalblue
1971,1561,668,1042,903,xl,royalblue
1972,1674,678,925,817,large,cornflowerblue
1973,1721,577,865,681,medium,lightsteelblue
1974,1704,687,1030,915,xl,royalblue
1975,1636,758,1038,870,xl,royalblue
1976,1583,652,1047,941,xl,royalblue
1977,1604,699,994,847,xl,royalblue
1978,1533,474,802,755,medium,lightsteelblue
1979,1594,558,931,742,large,cornflowerblue
1980,1719,768,990,960,xl,royalblue
1981,1687,832,1082,1043,xxl,blue
1982,1613,717,1016,971,xl,royalblue
1983,1644,762,1093,982,xxl,blue
1984,1616,632,922,837,large,cornflowerblue
1985,1641,610,902,891,large,cornflowerblue
